Workbook

Sheet 测试说明
A1: 4.4 登录注册人工测试用例
A2: 用于本轮人工P0检查：以真实页面点击、邮件接收、页面反馈和完整业务流程为主，不重复执行大量输入边界。
A4: 文档版本 | B4: V1.2 | D4: 生成日期 | E4: 46243 | G4: 用例总数 | H4: =SUM(B10:B15) -> 35
A5: 需求来源 | B5: 文档/4-需求文档/4.4 登录注册.md | G5: 默认状态 | H5: 未执行
A6: 执行原则 | B6: 按用户旅程执行；输入格式和长度边界转入自动化用例。
A8: 模块覆盖统计
A9: 模块 | B9: 用例数 | C9: P0 | D9: 未执行 | E9: 是否通过-是 | F9: 是否通过-否 | G9: 严重缺陷 | H9: 已完成修复 | I9: 回归通过
A10: 登录 | B10: =COUNTA(登录!$A$4:$A$8) -> 5 | C10: =COUNTIF(登录!$D$4:$D$8,"P0") -> 5 | D10: =COUNTIF(登录!$J$4:$J$8,"未执行") -> 0 | E10: =COUNTIF(登录!$K$4:$K$8,"是") -> 5 | F10: =COUNTIF(登录!$K$4:$K$8,"否") -> 0 | G10: =COUNTIF(登录!$L$4:$L$8,"阻塞")+COUNTIF(登录!$L$4:$L$8,"高") -> 0 | H10: =COUNTIF(登录!$O$4:$O$8,"已完成") -> 0 | I10: =COUNTIF(登录!$P$4:$P$8,"通过") -> 0
A11: 注册 | B11: =COUNTA(注册!$A$4:$A$11) -> 8 | C11: =COUNTIF(注册!$D$4:$D$11,"P0") -> 8 | D11: =COUNTIF(注册!$J$4:$J$11,"未执行") -> 0 | E11: =COUNTIF(注册!$K$4:$K$11,"是") -> 8 | F11: =COUNTIF(注册!$K$4:$K$11,"否") -> 0 | G11: =COUNTIF(注册!$L$4:$L$11,"阻塞")+COUNTIF(注册!$L$4:$L$11,"高") -> 0 | H11: =COUNTIF(注册!$O$4:$O$11,"已完成") -> 0 | I11: =COUNTIF(注册!$P$4:$P$11,"通过") -> 0
A12: 邮箱验证码 | B12: =COUNTA(邮箱验证码!$A$4:$A$7) -> 4 | C12: =COUNTIF(邮箱验证码!$D$4:$D$7,"P0") -> 4 | D12: =COUNTIF(邮箱验证码!$J$4:$J$7,"未执行") -> 0 | E12: =COUNTIF(邮箱验证码!$K$4:$K$7,"是") -> 4 | F12: =COUNTIF(邮箱验证码!$K$4:$K$7,"否") -> 0 | G12: =COUNTIF(邮箱验证码!$L$4:$L$7,"阻塞")+COUNTIF(邮箱验证码!$L$4:$L$7,"高") -> 0 | H12: =COUNTIF(邮箱验证码!$O$4:$O$7,"已完成") -> 0 | I12: =COUNTIF(邮箱验证码!$P$4:$P$7,"通过") -> 0
A13: 忘记密码 | B13: =COUNTA(忘记密码!$A$4:$A$8) -> 5 | C13: =COUNTIF(忘记密码!$D$4:$D$8,"P0") -> 5 | D13: =COUNTIF(忘记密码!$J$4:$J$8,"未执行") -> 0 | E13: =COUNTIF(忘记密码!$K$4:$K$8,"是") -> 4 | F13: =COUNTIF(忘记密码!$K$4:$K$8,"否") -> 1 | G13: =COUNTIF(忘记密码!$L$4:$L$8,"阻塞")+COUNTIF(忘记密码!$L$4:$L$8,"高") -> 0 | H13: =COUNTIF(忘记密码!$O$4:$O$8,"已完成") -> 0 | I13: =COUNTIF(忘记密码!$P$4:$P$8,"通过") -> 0
A14: 会话与退出 | B14: =COUNTA(会话与退出!$A$4:$A$9) -> 6 | C14: =COUNTIF(会话与退出!$D$4:$D$9,"P0") -> 6 | D14: =COUNTIF(会话与退出!$J$4:$J$9,"未执行") -> 2 | E14: =COUNTIF(会话与退出!$K$4:$K$9,"是") -> 4 | F14: =COUNTIF(会话与退出!$K$4:$K$9,"否") -> 0 | G14: =COUNTIF(会话与退出!$L$4:$L$9,"阻塞")+COUNTIF(会话与退出!$L$4:$L$9,"高") -> 0 | H14: =COUNTIF(会话与退出!$O$4:$O$9,"已完成") -> 0 | I14: =COUNTIF(会话与退出!$P$4:$P$9,"通过") -> 0
A15: 权限与安全回跳 | B15: =COUNTA(权限与安全回跳!$A$4:$A$10) -> 7 | C15: =COUNTIF(权限与安全回跳!$D$4:$D$10,"P0") -> 7 | D15: =COUNTIF(权限与安全回跳!$J$4:$J$10,"未执行") -> 4 | E15: =COUNTIF(权限与安全回跳!$K$4:$K$10,"是") -> 3 | F15: =COUNTIF(权限与安全回跳!$K$4:$K$10,"否") -> 0 | G15: =COUNTIF(权限与安全回跳!$L$4:$L$10,"阻塞")+COUNTIF(权限与安全回跳!$L$4:$L$10,"高") -> 0 | H15: =COUNTIF(权限与安全回跳!$O$4:$O$10,"已完成") -> 0 | I15: =COUNTIF(权限与安全回跳!$P$4:$P$10,"通过") -> 0
A16: 合计 | B16: =SUM(B10:B15) -> 35 | C16: =SUM(C10:C15) -> 35 | D16: =SUM(D10:D15) -> 6 | E16: =SUM(E10:E15) -> 28 | F16: =SUM(F10:F15) -> 1 | G16: =SUM(G10:G15) -> 0 | H16: =SUM(H10:H15) -> 0 | I16: =SUM(I10:I15) -> 0
A18: 使用说明
A19: 执行方式 | B19: 使用真实浏览器按操作步骤完成，重点观察页面反馈、跳转、邮件和账号状态。
A20: 数据准备 | B20: 每轮准备可用学生/管理员账号、可收邮件邮箱、未注册邮箱及双设备登录环境。
A21: 判定原则 | B21: 一条用例内的关键步骤全部符合预期才选择是否通过=是。
A22: 缺陷记录 | B22: 未通过时填写缺陷等级、实际结果；修复后补充修复情况和回归情况。
A23: 边界校验 | B23: 邮箱格式、用户名长度、密码组合、限流边界等重复数据由自动化用例覆盖。

Sheet 登录
A1: 4.4 登录注册人工测试用例｜登录
A2: 来源：文档/4-需求文档/4.4 登录注册.md ｜ 范围：P0基本流程、页面操作与用户可见结果 ｜ 登录：5 条
A3: 用例编号 | B3: 功能模块 | C3: 用例标题 | D3: 优先级 | E3: 用例类型 | F3: 前置条件 | G3: 测试数据 | H3: 操作步骤 | I3: 预期结果 | J3: 执行状态 | K3: 是否通过 | L3: 缺陷等级 | M3: 实际结果 | N3: 备注 | O3: 修复情况 | P3: 回归情况
A4: LGN-001 | B4: 账号登录 | C4: 使用用户名成功登录 | D4: P0 | E4: 功能 | F4: 存在可用学生账号，当前浏览器未登录 | G4: 用户名：qa_student 密码：Test1234 | H4: 1. 打开登录页 2. 输入用户名和密码 3. 勾选协议并点击登录 | I4: 显示登录中状态后进入首页；顶部展示当前账号；当前浏览器建立有效会话。 | J4: 通过 | K4: 是
A5: LGN-002 | B5: 账号登录 | C5: 使用注册邮箱成功登录 | D5: P0 | E5: 功能 | F5: 存在绑定邮箱的学生账号，当前浏览器未登录 | G5: 邮箱：QA.Student@Example.COM 密码：Test1234 | H5: 使用注册邮箱完成登录 | I5: 登录成功并进入首页；邮箱大小写差异不影响识别。 | J5: 通过 | K5: 是
A6: LGN-003 | B6: 登录回跳 | C6: 从受保护功能登录后返回原页面 | D6: P0 | E6: 流程 | F6: 当前浏览器未登录 | G6: 入口：个人中心 目标：/profile?tab=security | H6: 1. 从个人中心入口进入 2. 在登录页完成登录 | I6: 登录页仅提示一次需要登录；成功后回到完整目标地址；返回键不再次进入登录表单。 | J6: 通过 | K6: 是
A7: LGN-004 | B7: 失败提示 | C7: 账号或密码错误时停留登录页 | D7: P0 | E7: 异常 | F7: 当前浏览器未登录 | G7: 不存在账号或错误密码 | H7: 输入错误凭证并提交 | I7: 统一提示“用户名、邮箱或密码错误”；不区分具体原因；不进入登录态，账号输入与协议状态保留。 | J7: 通过 | K7: 是
A8: LGN-005 | B8: 页面交互 | C8: 协议查看与登录提交状态正确 | D8: P0 | E8: 流程 | F8: 已填写有效账号密码 | G8: 点击协议链接；快速连续点击登录 | H8: 1. 打开协议并返回 2. 勾选协议 3. 快速点击登录按钮 | I8: 协议在新页面打开且输入保留；提交后按钮显示登录中并禁用；页面只产生一次登录结果。 | J8: 通过 | K8: 是

Sheet 注册
A1: 4.4 登录注册人工测试用例｜注册
A2: 来源：文档/4-需求文档/4.4 登录注册.md ｜ 范围：P0基本流程、页面操作与用户可见结果 ｜ 注册：8 条
A3: 用例编号 | B3: 功能模块 | C3: 用例标题 | D3: 优先级 | E3: 用例类型 | F3: 前置条件 | G3: 测试数据 | H3: 操作步骤 | I3: 预期结果 | J3: 执行状态 | K3: 是否通过 | L3: 缺陷等级 | M3: 实际结果 | N3: 备注 | O3: 修复情况 | P3: 回归情况
A4: REG-001 | B4: 基础注册 | C4: 不选择备考目标完成注册 | D4: P0 | E4: 功能 | F4: 准备未注册用户名和邮箱 | G4: 用户名：manual_new 邮箱：manual.new@example.com 密码：Test1234 | H4: 1. 获取并填写真实邮箱验证码 2. 填写账号信息并确认协议 3. 不选择考试直接注册 | I4: 注册成功并自动登录；进入无目标首页；不生成默认考试目标或会员权益。 | J4: 通过 | K4: 是
A5: REG-002 | B5: ESAT目标 | C5: 选择ESAT三科完成注册 | D5: P0 | E5: 功能 | F5: 账号信息和验证码有效 | G5: Mathematics 1 + Biology + Chemistry | H5: 选择ESAT和恰好三门科目后注册 | I5: 注册成功；首页或个人中心显示已保存的ESAT三科；不显示已开通会员。 | J5: 通过 | K5: 是
A6: REG-003 | B6: TMUA目标 | C6: 选择TMUA完成注册 | D6: P0 | E6: 功能 | F6: 账号信息和验证码有效 | G6: 考试：TMUA | H6: 选择TMUA并完成注册 | I6: 注册成功；TMUA按固定数学目标保存；不生成STEP目标或会员权益。 | J6: 通过 | K6: 是
A7: REG-004 | B7: 必填提示 | C7: 缺少必填信息时页面给出明确提示 | D7: P0 | E7: 校验 | F7: 注册页已打开 | G7: 依次遗漏：用户名、邮箱、验证码、密码、确认密码、协议 | H7: 每次遗漏一项点击注册 | I7: 停留注册页并在对应位置提示；不会创建账号；其他已填写的普通内容保留。 | J7: 通过 | K7: 是
A8: REG-005 | B8: 账号冲突 | C8: 已注册邮箱或用户名给出可理解提示 | D8: P0 | E8: 异常 | F8: 准备已存在的用户名和邮箱 | G8: existing_user / existing@example.com | H8: 分别填写已存在用户名、邮箱并获取验证码或提交 | I8: 页面指出冲突字段；邮箱已注册时可引导登录或重置密码；不创建重复账号。 | J8: 通过 | K8: 是
A9: REG-006 | B9: 协议确认 | C9: 查看协议后注册草稿继续保留 | D9: P0 | E9: 流程 | F9: 已填写注册草稿 | G9: 《用户服务协议》《隐私政策》 | H9: 分别点击协议链接，返回注册页后继续提交 | I9: 协议在新页面打开；返回后普通注册草稿仍在；勾选当前版本后可以正常注册。 | J9: 通过 | K9: 是
A10: REG-007 | B10: 认证切换 | C10: 从注册切换登录时保留原安全目标 | D10: P0 | E10: 流程 | F10: 从错题本进入注册页 | G10: 目标：/wrong-questions?page=2 | H10: 点击去登录并完成登录 | I10: 切换前明确尚未创建账号；原安全目标保留；登录成功后进入错题本对应页面。 | J10: 通过 | K10: 是
A11: REG-008 | B11: 提交状态 | C11: 注册提交期间禁止重复操作 | D11: P0 | E11: 流程 | F11: 所有注册信息有效 | G11: 快速连续点击注册，并尝试切换登录或再次获取验证码 | H11: 提交后连续操作 | I11: 按钮显示注册中；注册、切换登录和发送验证码均不可重复操作；最终只创建一个账号。 | J11: 通过 | K11: 是

Sheet 邮箱验证码
A1: 4.4 登录注册人工测试用例｜邮箱验证码
A2: 来源：文档/4-需求文档/4.4 登录注册.md ｜ 范围：P0基本流程、页面操作与用户可见结果 ｜ 邮箱验证码：4 条
A3: 用例编号 | B3: 功能模块 | C3: 用例标题 | D3: 优先级 | E3: 用例类型 | F3: 前置条件 | G3: 测试数据 | H3: 操作步骤 | I3: 预期结果 | J3: 执行状态 | K3: 是否通过 | L3: 缺陷等级 | M3: 实际结果 | N3: 备注 | O3: 修复情况 | P3: 回归情况
A4: EML-001 | B4: 邮件接收 | C4: 注册验证码能够真实发送并完成注册 | D4: P0 | E4: 功能 | F4: 使用可接收邮件的未注册邮箱 | G4: 真实测试邮箱 | H4: 1. 点击获取注册验证码 2. 打开邮箱查收 3. 输入验证码完成注册 | I4: 页面提示查收；邮件在可接受时间内到达；六位验证码可完成当前邮箱的注册。 | J4: 通过 | K4: 是
A5: EML-002 | B5: 重新获取 | C5: 验证码倒计时结束后可以重新获取 | D5: P0 | E5: 流程 | F5: 已成功发送一次验证码 | G5: 同一邮箱、同一用途 | H5: 观察60秒倒计时；倒计时结束后再次点击获取 | I5: 倒计时内按钮不可点击；结束后可重新发送并再次收到邮件。 | J5: 通过 | K5: 是
A6: EML-003 | B6: 注册邮箱 | C6: 已注册邮箱获取注册码时明确提示 | D6: P0 | E6: 异常 | F6: 准备已注册邮箱 | G6: existing@example.com | H6: 在注册页点击获取验证码 | I6: 提示该邮箱已注册并引导登录或忘记密码；不显示注册验证码发送成功。 | J6: 通过 | K6: 是
A7: EML-004 | B7: 重置隐私 | C7: 未注册邮箱请求重置码不暴露账号状态 | D7: P0 | E7: 安全 | F7: 准备未注册邮箱 | G7: unknown@example.com | H7: 在忘记密码模块点击获取验证码 | I7: 页面仍显示统一的“如果该邮箱已注册”文案；不会明确说明邮箱不存在。 | J7: 通过 | K7: 是

Sheet 忘记密码
A1: 4.4 登录注册人工测试用例｜忘记密码
A2: 来源：文档/4-需求文档/4.4 登录注册.md ｜ 范围：P0基本流程、页面操作与用户可见结果 ｜ 忘记密码：5 条
A3: 用例编号 | B3: 功能模块 | C3: 用例标题 | D3: 优先级 | E3: 用例类型 | F3: 前置条件 | G3: 测试数据 | H3: 操作步骤 | I3: 预期结果 | J3: 执行状态 | K3: 是否通过 | L3: 缺陷等级 | M3: 实际结果 | N3: 备注 | O3: 修复情况 | P3: 回归情况
A4: RST-001 | B4: 模式切换 | C4: 进入和返回登录时重置草稿被清空 | D4: P0 | E4: 流程 | F4: 登录页带安全目标 | G4: 填写邮箱、验证码、新密码后返回登录 | H4: 1. 进入忘记密码 2. 填写内容 3. 点击返回登录 4. 再次进入 | I4: 邮箱、验证码、密码和倒计时均清空；原安全目标仍保留。 | J4: 通过 | K4: 是
A5: RST-002 | B5: 成功重置 | C5: 使用有效验证码重置密码 | D5: P0 | E5: 功能 | F5: 存在注册邮箱并收到有效重置验证码 | G5: 旧密码：Old12345 新密码：New12345 | H5: 提交重置；随后分别使用新旧密码登录 | I5: 提示密码已重置并返回登录；新密码可登录，旧密码不可登录；登录后继续原安全目标。 | J5: 通过 | K5: 是
A6: RST-003 | B6: 验证码提示 | C6: 错误或过期验证码给出恢复指引 | D6: P0 | E6: 异常 | F6: 已进入重置模块 | G6: 错误验证码；过期验证码 | H6: 分别提交两组验证码 | I6: 停留当前模块并提示重新输入或重新获取；密码保持不变，不显示成功。 | J6: 失败 | K6: 否 | M6: =_xlfn.DISPIMG("ID_A0BAD49CA1374B91A7ADD466409D7C6E",1) -> =DISPIMG("ID_A0BAD49CA1374B91A7ADD466409D7C6E",1) | N6: 提示内容与预期结果不一致，但问题不大
A7: RST-004 | B7: 密码确认 | C7: 两次新密码不一致时不能提交 | D7: P0 | E7: 校验 | F7: 邮箱和验证码已填写 | G7: 新密码：New12345 确认密码：New12346 | H7: 点击重置密码 | I7: 确认密码处提示不一致；其他输入保留；不修改密码。 | J7: 通过 | K7: 是
A8: RST-005 | B8: 安全提示 | C8: 重置成功后所有旧设备退出 | D8: P0 | E8: 安全 | F8: 同一账号已在两个浏览器登录 | G8: 在第三个浏览器完成密码重置 | H8: 重置后分别在两个旧浏览器访问个人中心 | I8: 两个旧会话均失效并清除个人信息；页面提示重新登录；新密码可建立新会话。 | J8: 通过 | K8: 是

Sheet 会话与退出
A1: 4.4 登录注册人工测试用例｜会话与退出
A2: 来源：文档/4-需求文档/4.4 登录注册.md ｜ 范围：P0基本流程、页面操作与用户可见结果 ｜ 会话与退出：6 条
A3: 用例编号 | B3: 功能模块 | C3: 用例标题 | D3: 优先级 | E3: 用例类型 | F3: 前置条件 | G3: 测试数据 | H3: 操作步骤 | I3: 预期结果 | J3: 执行状态 | K3: 是否通过 | L3: 缺陷等级 | M3: 实际结果 | N3: 备注 | O3: 修复情况 | P3: 回归情况
A4: SES-001 | B4: 会话恢复 | C4: 刷新和重新打开站点能够恢复登录 | D4: P0 | E4: 功能 | F4: 当前浏览器已有有效会话 | G4: 登录后刷新页面并重新打开站点 | H4: 观察页面初始化状态 | I4: 直接显示登录态，不闪现登录表单或访客私有入口；账号信息正确。 | J4: 通过 | K4: 是
A5: SES-002 | B5: 身份刷新 | C5: 短期身份失效时继续原受保护操作 | D5: P0 | E5: 流程 | F5: 七天空闲会话仍有效，准备可触发身份刷新的环境 | G5: 访问个人中心或错题本 | H5: 触发受保护请求 | I5: 系统自动恢复身份并继续请求，不要求重新输入密码，也不重复跳转。 | J5: 未执行 | N5: 7天空闲么，没看明白
A6: SES-003 | B6: 当前退出 | C6: 退出登录清除当前浏览器状态 | D6: P0 | E6: 功能 | F6: 当前浏览器已登录 | G6: 账号菜单→退出登录 | H6: 点击退出后再次访问个人中心 | I6: 返回公开首页并清除个人信息；再次访问个人中心进入登录页。 | J6: 通过 | K6: 是
A7: SES-004 | B7: 多设备 | C7: 一个设备退出不影响另一个设备 | D7: P0 | E7: 功能 | F7: 同一账号在浏览器A、B登录 | G7: A执行退出 | H7: 退出后分别在A、B访问受保护页面 | I7: A需要重新登录；B仍保持登录且数据正常。 | J7: 通过 | K7: 是
A8: SES-005 | B8: 密码撤销 | C8: 修改或重置密码使所有旧会话失效 | D8: P0 | E8: 安全 | F8: 账号在多个浏览器登录 | G8: 完成一次密码修改或重置 | H8: 在所有旧浏览器访问受保护页面 | I8: 所有旧会话在身份校验时退出；页面不再展示个人数据。 | J8: 通过 | K8: 是
A9: SES-006 | B9: 会话失效 | C9: 过期或被撤销后显示统一失效提示 | D9: P0 | E9: 异常 | F9: 准备过期或已撤销会话 | G9: 访问任一受保护页面 | H9: 触发身份校验 | I9: 清除当前登录信息，提示“您已失去登录状态，请重新登录！”，随后回到公开首页。 | J9: 未执行 | N9: 怎么让他短时间过期

Sheet 权限与安全回跳
A1: 4.4 登录注册人工测试用例｜权限与安全回跳
A2: 来源：文档/4-需求文档/4.4 登录注册.md ｜ 范围：P0基本流程、页面操作与用户可见结果 ｜ 权限与安全回跳：7 条
A3: 用例编号 | B3: 功能模块 | C3: 用例标题 | D3: 优先级 | E3: 用例类型 | F3: 前置条件 | G3: 测试数据 | H3: 操作步骤 | I3: 预期结果 | J3: 执行状态 | K3: 是否通过 | L3: 缺陷等级 | M3: 实际结果 | N3: 备注 | O3: 修复情况 | P3: 回归情况
A4: ACL-001 | B4: 公开页面 | C4: 访客可以浏览公开页面 | D4: P0 | E4: 权限 | F4: 当前浏览器未登录 | G4: 首页、考试介绍、协议页、诊断概览、题库概览 | H4: 逐一点击或直接访问 | I4: 均可正常浏览且不强制登录；不展示其他用户个人数据。 | J4: 通过 | K4: 是
A5: ACL-002 | B5: 受保护入口 | C5: 访客访问受保护模块统一进入登录 | D5: P0 | E5: 权限 | F5: 当前浏览器未登录 | G5: 开始诊断、开始练习、错题本、报告、个人中心、后台 | H5: 逐一从页面入口访问 | I5: 全部进入登录页并保留对应站内目标；拦截前不创建业务记录；只显示一次登录提示。 | J5: 通过 | K5: 是
A6: ACL-003 | B6: 角色权限 | C6: 学生和管理员访问后台结果正确 | D6: P0 | E6: 权限 | F6: 准备学生和管理员账号 | G6: 后台入口 | H6: 分别登录后进入后台 | I6: 学生返回首页且不能进入；管理员可以进入后台；两种结果符合账号身份。 | J6: 通过 | K6: 是
A7: ACL-004 | B7: 正常回跳 | C7: 合法站内深层地址登录后恢复 | D7: P0 | E7: 流程 | F7: 从深层受保护页面进入登录 | G7: 目标：/profile?tab=security&from=report | H7: 完成登录 | I7: 进入完整目标地址并保留查询参数；返回键不再显示已完成的登录页。 | J7: 未执行 | M7: 俺看不懂
A8: ACL-005 | B8: 异常回跳 | C8: 外部回跳地址认证后返回首页 | D8: P0 | E8: 安全 | F8: 使用带外部目标的登录链接 | G8: https://evil.example | H8: 完成登录 | I8: 只进入站内首页，不跳转到外部网站。 | J8: 未执行 | M8: 俺看不懂
A9: ACL-006 | B9: 登录注册切换 | C9: 登录与注册切换时原目标继续保留 | D9: P0 | E9: 流程 | F9: 从受保护功能进入登录 | G9: 登录→注册→登录 | H9: 切换两次后完成登录 | I9: 原目标始终保留；成功后进入原功能，不回到认证表单。 | J9: 未执行 | M9: 俺不明白什么叫受保护功能
A10: ACL-007 | B10: 认证边界 | C10: 已登录访问认证页和会员内容表现正确 | D10: P0 | E10: 权限 | F10: 普通学生已登录且无会员权益 | G10: 登录页、注册页、会员受限内容 | H10: 逐一访问 | I10: 登录页和注册页直接返回首页；会员内容仍按真实权益限制，不能因登录或选择考试而自动解锁。 | J10: 未执行 | M10: 目前都是免费状态
