Workbook

Sheet 测试说明
A1: 4.1 错题本人工测试用例
A2: 本轮人工P0：覆盖正式收录、重复累计、筛选分页、解析返回、权限隔离、异常恢复和后台内容变化
A4: 文档版本 | B4: 当前版（2026-08-10） | D4: 生成日期 | E4: 46244 | G4: 用例总数 | H4: =SUM(B10:B17) -> 35
A5: 需求来源 | B5: 文档/4-需求文档/4.1 错题本.md | G5: 默认状态 | H5: 未执行
A6: 关联规则 | B6: 4.6在线答题、4.8诊断测试、4.12练习册；只有正式提交才形成错题，以4.1错题本可观察行为为主
A8: 模块覆盖统计
A9: 模块 | B9: 用例数 | C9: P0 | D9: 未执行 | E9: 是否通过-是 | F9: 是否通过-否 | G9: 严重缺陷 | H9: 已完成修复 | I9: 回归通过
A10: 入口与权限 | B10: =COUNTA(入口与权限!$A$4:$A$7) -> 4 | C10: =COUNTIF(入口与权限!$D$4:$D$7,"P0") -> 4 | D10: =COUNTIF(入口与权限!$J$4:$J$7,"未执行") -> 0 | E10: =COUNTIF(入口与权限!$K$4:$K$7,"是") -> 4 | F10: =COUNTIF(入口与权限!$K$4:$K$7,"否") -> 0 | G10: =COUNTIF(入口与权限!$L$4:$L$7,"阻塞")+COUNTIF(入口与权限!$L$4:$L$7,"高") -> 0 | H10: =COUNTIF(入口与权限!$O$4:$O$7,"已完成") -> 0 | I10: =COUNTIF(入口与权限!$P$4:$P$7,"通过") -> 0
A11: 错题形成与累计 | B11: =COUNTA(错题形成与累计!$A$4:$A$9) -> 6 | C11: =COUNTIF(错题形成与累计!$D$4:$D$9,"P0") -> 6 | D11: =COUNTIF(错题形成与累计!$J$4:$J$9,"未执行") -> 0 | E11: =COUNTIF(错题形成与累计!$K$4:$K$9,"是") -> 3 | F11: =COUNTIF(错题形成与累计!$K$4:$K$9,"否") -> 3 | G11: =COUNTIF(错题形成与累计!$L$4:$L$9,"阻塞")+COUNTIF(错题形成与累计!$L$4:$L$9,"高") -> 2 | H11: =COUNTIF(错题形成与累计!$O$4:$O$9,"已完成") -> 0 | I11: =COUNTIF(错题形成与累计!$P$4:$P$9,"通过") -> 0
A12: 筛选与查询 | B12: =COUNTA(筛选与查询!$A$4:$A$9) -> 6 | C12: =COUNTIF(筛选与查询!$D$4:$D$9,"P0") -> 6 | D12: =COUNTIF(筛选与查询!$J$4:$J$9,"未执行") -> 0 | E12: =COUNTIF(筛选与查询!$K$4:$K$9,"是") -> 4 | F12: =COUNTIF(筛选与查询!$K$4:$K$9,"否") -> 2 | G12: =COUNTIF(筛选与查询!$L$4:$L$9,"阻塞")+COUNTIF(筛选与查询!$L$4:$L$9,"高") -> 1 | H12: =COUNTIF(筛选与查询!$O$4:$O$9,"已完成") -> 0 | I12: =COUNTIF(筛选与查询!$P$4:$P$9,"通过") -> 0
A13: 卡片与排序 | B13: =COUNTA(卡片与排序!$A$4:$A$6) -> 3 | C13: =COUNTIF(卡片与排序!$D$4:$D$6,"P0") -> 3 | D13: =COUNTIF(卡片与排序!$J$4:$J$6,"未执行") -> 1 | E13: =COUNTIF(卡片与排序!$K$4:$K$6,"是") -> 0 | F13: =COUNTIF(卡片与排序!$K$4:$K$6,"否") -> 2 | G13: =COUNTIF(卡片与排序!$L$4:$L$6,"阻塞")+COUNTIF(卡片与排序!$L$4:$L$6,"高") -> 2 | H13: =COUNTIF(卡片与排序!$O$4:$O$6,"已完成") -> 0 | I13: =COUNTIF(卡片与排序!$P$4:$P$6,"通过") -> 0
A14: 分页与状态恢复 | B14: =COUNTA(分页与状态恢复!$A$4:$A$6) -> 3 | C14: =COUNTIF(分页与状态恢复!$D$4:$D$6,"P0") -> 3 | D14: =COUNTIF(分页与状态恢复!$J$4:$J$6,"未执行") -> 0 | E14: =COUNTIF(分页与状态恢复!$K$4:$K$6,"是") -> 3 | F14: =COUNTIF(分页与状态恢复!$K$4:$K$6,"否") -> 0 | G14: =COUNTIF(分页与状态恢复!$L$4:$L$6,"阻塞")+COUNTIF(分页与状态恢复!$L$4:$L$6,"高") -> 0 | H14: =COUNTIF(分页与状态恢复!$O$4:$O$6,"已完成") -> 0 | I14: =COUNTIF(分页与状态恢复!$P$4:$P$6,"通过") -> 0
A15: 单题解析 | B15: =COUNTA(单题解析!$A$4:$A$8) -> 5 | C15: =COUNTIF(单题解析!$D$4:$D$8,"P0") -> 5 | D15: =COUNTIF(单题解析!$J$4:$J$8,"未执行") -> 2 | E15: =COUNTIF(单题解析!$K$4:$K$8,"是") -> 2 | F15: =COUNTIF(单题解析!$K$4:$K$8,"否") -> 1 | G15: =COUNTIF(单题解析!$L$4:$L$8,"阻塞")+COUNTIF(单题解析!$L$4:$L$8,"高") -> 0 | H15: =COUNTIF(单题解析!$O$4:$O$8,"已完成") -> 0 | I15: =COUNTIF(单题解析!$P$4:$P$8,"通过") -> 0
A16: 异常容错 | B16: =COUNTA(异常容错!$A$4:$A$8) -> 5 | C16: =COUNTIF(异常容错!$D$4:$D$8,"P0") -> 5 | D16: =COUNTIF(异常容错!$J$4:$J$8,"未执行") -> 5 | E16: =COUNTIF(异常容错!$K$4:$K$8,"是") -> 0 | F16: =COUNTIF(异常容错!$K$4:$K$8,"否") -> 0 | G16: =COUNTIF(异常容错!$L$4:$L$8,"阻塞")+COUNTIF(异常容错!$L$4:$L$8,"高") -> 0 | H16: =COUNTIF(异常容错!$O$4:$O$8,"已完成") -> 0 | I16: =COUNTIF(异常容错!$P$4:$P$8,"通过") -> 0
A17: 后台内容变化 | B17: =COUNTA(后台内容变化!$A$4:$A$6) -> 3 | C17: =COUNTIF(后台内容变化!$D$4:$D$6,"P0") -> 3 | D17: =COUNTIF(后台内容变化!$J$4:$J$6,"未执行") -> 3 | E17: =COUNTIF(后台内容变化!$K$4:$K$6,"是") -> 0 | F17: =COUNTIF(后台内容变化!$K$4:$K$6,"否") -> 0 | G17: =COUNTIF(后台内容变化!$L$4:$L$6,"阻塞")+COUNTIF(后台内容变化!$L$4:$L$6,"高") -> 0 | H17: =COUNTIF(后台内容变化!$O$4:$O$6,"已完成") -> 0 | I17: =COUNTIF(后台内容变化!$P$4:$P$6,"通过") -> 0
A18: 合计 | B18: =SUM(B10:B17) -> 35 | C18: =SUM(C10:C17) -> 35 | D18: =SUM(D10:D17) -> 11 | E18: =SUM(E10:E17) -> 16 | F18: =SUM(F10:F17) -> 8 | G18: =SUM(G10:G17) -> 5 | H18: =SUM(H10:H17) -> 0 | I18: =SUM(I10:I17) -> 0
A20: 使用说明
A21: 执行方式 | B21: 使用真实浏览器按编号步骤执行；失败、并发或后台归档场景使用预先准备的测试数据和管理员操作，不要求人工直接修改数据库。
A22: 数据准备 | B22: 准备ESAT/TMUA两类账号数据、诊断/真题/试题库答卷、跨月重复错题、分页筛选、缺失字段和可归档题目样本。
A23: 当前实现待对齐 | B23: 卡片最近错误上下文、历史曾选文案、失败后分页器保留及解析失败重试入口按4.1明确规则验收，具体用例备注已标识。
A24: 执行记录 | B24: 执行状态、是否通过、缺陷等级、实际结果、修复情况和回归情况为可编辑列；无缺陷编号列。
A25: 非目标 | B25: 不覆盖错题重做、掌握状态、手动移出、收藏备注、导出、按相似题干合并、完整历史题目快照及批量接口参数边界。

Sheet 入口与权限
A1: 4.1 错题本人工测试用例 — 入口与权限
A2: 来源：文档/4-需求文档/4.1 错题本.md｜范围：P0人工回归｜按真实浏览器操作与可观察结果执行
A3: 用例编号 | B3: 功能模块 | C3: 用例标题 | D3: 优先级 | E3: 用例类型 | F3: 前置条件 | G3: 测试数据 | H3: 操作步骤 | I3: 预期结果 | J3: 执行状态 | K3: 是否通过 | L3: 缺陷等级 | M3: 实际结果 | N3: 备注 | O3: 修复情况 | P3: 回归情况
A4: WB-ENTRY-001 | B4: 入口与权限 | C4: 未登录访问错题本并在登录后返回原考试 | D4: P0 | E4: 权限 | F4: 浏览器未登录；测试账号在ESAT有错题 | G4: 入口=顶部导航和首页错题提示；当前考试=ESAT | H4: 1. 在顶部选择ESAT并通过顶部导航进入错题本 2. 核对进入统一登录流程且未显示任何学生数据 3. 使用有效学生账号完成登录 4. 核对返回ESAT错题本并加载本人数据 5. 退出登录后通过首页错题提示再次进入 6. 重新登录并核对返回路径 | I4: 两个入口均在未登录时先要求认证且不泄露错题；登录成功后返回ESAT错题本并显示当前账号数据，不跳转到其他考试或页面。 | J4: 通过 | K4: 是
A5: WB-ENTRY-002 | B5: 入口与权限 | C5: 页面标题结构和首页入口保持当前考试上下文 | D5: P0 | E5: 流程 | F5: 学生已登录；当前考试有错题 | G5: 入口A=顶部导航；入口B=首页当前考试错题提示 | H5: 1. 从顶部导航进入错题本 2. 核对页面标题、用途说明、筛选区、列表和分页区域 3. 返回首页并确认当前考试未变化 4. 从首页错题提示再次进入 5. 核对页面考试范围与首页一致 6. 刷新页面完成复核 | I5: 两个入口进入同一错题本；标题和用途说明正确，页面区域顺序完整；当前考试上下文保持且刷新后不改变。 | J5: 通过 | K5: 是
A6: WB-ENTRY-003 | B6: 入口与权限 | C6: 学生只能查看本人错题且地址参数不能切换用户 | D6: P0 | E6: 安全 | F6: 账号A、B均有可区分的错题；已登录A | G6: A专属题目XA；B专属题目XB；地址中尝试替换用户标识 | H6: 1. 使用A进入错题本并记录可见题目 2. 确认XA可见且XB不可见 3. 在当前地址中替换为B的用户标识或复制B的错误链接 4. 刷新页面并观察列表 5. 尝试打开XB的解析地址 6. 返回错题本再次核对 | I6: 页面和解析始终只读取A的数据；地址参数不能切换用户范围；XB不可见且不可解析，不会返回B的题目、答案或来源信息。 | J6: 通过 | K6: 是
A7: WB-ENTRY-004 | B7: 入口与权限 | C7: 顶部考试范围优先于地址中的旧考试参数 | D7: P0 | E7: 权限 | F7: 学生在ESAT、TMUA均有错题；顶部当前为ESAT | G7: 地址带TMUA旧参数；ESAT题E；TMUA题T | H7: 1. 保持顶部为ESAT并打开带TMUA参数的错题本地址 2. 等待列表加载完成并核对题目范围 3. 确认E可见且T不可见 4. 顶部切换到TMUA 5. 核对T可见且E不可见 6. 刷新并再次检查顶部与列表 | I7: 顶部考试是唯一有效范围；旧地址参数不能覆盖ESAT；主动切换TMUA后才加载T，刷新后顶部与列表保持一致。 | J7: 通过 | K7: 是

Sheet 错题形成与累计
A1: 4.1 错题本人工测试用例 — 错题形成与累计
A2: 来源：文档/4-需求文档/4.1 错题本.md｜范围：P0人工回归｜按真实浏览器操作与可观察结果执行
A3: 用例编号 | B3: 功能模块 | C3: 用例标题 | D3: 优先级 | E3: 用例类型 | F3: 前置条件 | G3: 测试数据 | H3: 操作步骤 | I3: 预期结果 | J3: 执行状态 | K3: 是否通过 | L3: 缺陷等级 | M3: 实际结果 | N3: 备注 | O3: 修复情况 | P3: 回归情况
A4: WB-FORM-001 | B4: 错题形成与累计 | C4: 诊断测试正式提交后错误题进入错题本 | D4: P0 | E4: 流程 | F4: 学生可完成一套诊断测试；目标题X当前不在错题本 | G4: 操作前错题总数W、X错误次数E=0；诊断中将X选错 | H4: 1. 在当前考试错题本记录W和X的E作为基线 2. 开始诊断测试并将X选错 3. 暂停或退出诊断但不正式提交 4. 返回错题本刷新并核对W、E 5. 继续同一诊断并完成全部分段正式提交 6. 返回错题本刷新并搜索X 7. 重新登录后再次核对 | I4: 暂停或退出后W、E保持不变；诊断正式提交后X新增一张卡片、W增加1、E增加1；来源显示诊断对应来源且重新登录后保持。 | J4: 失败 | K4: 否 | L4: 高 | M4: 1、切换TMUA考试时，多次错误选项没有多次标志，比如A错，B错，C是正确答案，只会显示最后一次选错的选项，并且如果是多次错误，最好要显示每次错误来源的时间、来源 2、ESAT如果切换考试组合科目，同一道题，以前记录的错误全部丢失，找不到，并且没有累加，也没有在显示题目来源时，题目编号与在考试中的标号不一致。可能显示的是在ESAT真卷中的题目标号
A5: WB-FORM-002 | B5: 错题形成与累计 | C5: 真题练习正式交卷后错误题进入错题本 | D5: P0 | E5: 流程 | F5: 学生可完成一套真题练习；目标题Y当前不在错题本 | G5: 操作前错题总数W、Y错误次数E=0；真题中将Y选错 | H5: 1. 在错题本记录W和Y的E作为基线 2. 进入真题练习并将Y选错 3. 保存进度后返回但不交卷 4. 刷新错题本核对W、E 5. 继续原真题并正式交卷 6. 返回错题本按真题来源搜索Y 7. 打开Y解析并返回列表 | I5: 保存进度不产生错题，W、E保持不变；正式交卷后Y新增一张卡片、W增加1、E增加1；来源和来源试卷对应本次真题。 | J5: 失败 | K5: 否 | L5: 高 | M5: 同上
A6: WB-FORM-003 | B6: 错题形成与累计 | C6: 试题库练习正式交卷后错误题进入错题本 | D6: P0 | E6: 流程 | F6: 学生可完成题库专项、自由组卷或练习本练习；目标题Z不在错题本 | G6: 操作前错题总数W、Z错误次数E=0；本次将Z选错 | H6: 1. 在错题本记录W和Z的E作为基线 2. 从任一试题库入口开始练习并将Z选错 3. 保存并返回来源页但不交卷 4. 刷新错题本核对W、E 5. 继续同一练习并正式交卷 6. 返回错题本按试题库来源搜索Z 7. 重新打开练习历史和Z卡片核对 | I6: 进行中练习不产生错题，W、E保持不变；正式交卷后Z新增一张卡片、W增加1、E增加1；不同题库入口统一归入试题库来源。 | J6: 通过 | K6: 是
A7: WB-FORM-004 | B7: 错题形成与累计 | C7: 同一题多次做错只保留一张卡片并累计历史 | D7: P0 | E7: 流程 | F7: 同一题X可在多次正式答卷中出现；X已有错误次数E或为0 | G7: 第一次错误选择A；第二次错误选择B；操作前总数W和错误次数E | H7: 1. 在错题本记录W、E作为基线 2. 第一次将X选为A并正式交卷 3. 返回错题本刷新并记录X卡片 4. 第二次将X选为B并正式交卷 5. 再次返回刷新并搜索X 6. 核对卡片数量、错误次数和历史曾选答案 7. 进入解析后返回列表 | I7: 第一次提交后X错误次数增加1；第二次提交后仍只有一张X卡片且错误次数再增加1；W最多只因首次出现增加1；历史曾选包含A、B。 | J7: 通过 | K7: 是
A8: WB-FORM-005 | B8: 错题形成与累计 | C8: 未作答计为错题而答对不新增并且后续做对不移除 | D8: P0 | E8: 流程 | F8: 目标题X、Y不在错题本；题Z已有错误次数E | G8: X未作答；Y答对；Z本次答对；操作前总数W | H8: 1. 记录W、X/Y是否存在及Z的E作为基线 2. 在一次练习中跳过X、答对Y和Z并正式交卷 3. 返回错题本刷新并搜索X 4. 搜索Y并核对是否出现 5. 搜索Z并核对卡片与错误次数 6. 打开X卡片查看历史答案区域 7. 重新登录后再次核对 | I8: X新增为错题且没有空的历史答案标签；Y不新增；Z原卡片保持且E不减少；W只按首次出现的X增加1，重新登录后保持。 | J8: 通过 | K8: 是
A9: WB-FORM-006 | B9: 错题形成与累计 | C9: 重复提交同一已完成答卷不重复累计错题 | D9: P0 | E9: 异常 | F9: 一份包含错题X的答卷已正式提交；可模拟提交响应丢失或重复点击 | G9: 操作前错题总数W、X错误次数E；同一答卷R | H9: 1. 在错题本记录W、E作为基线 2. 回到R的完成页刷新或重复触发提交 3. 在网络响应不确定时点击重试提交 4. 等待页面返回原完成结果 5. 返回错题本刷新并搜索X 6. 记录W和E 7. 重新登录后再次核对 | I9: 所有重复操作均复用R的原结果；W和E保持基线不变，不新增重复卡片、错误次数或历史曾选记录。 | J9: 失败 | K9: 否 | L9: 中 | M9: 确实不累计，但是有以下问题： 1、错题本看不到错题来源 2、多次选择出错，应该在详情页面，能有时间轨迹，每次错误选项、时间轴、错题来源

Sheet 筛选与查询
A1: 4.1 错题本人工测试用例 — 筛选与查询
A2: 来源：文档/4-需求文档/4.1 错题本.md｜范围：P0人工回归｜按真实浏览器操作与可观察结果执行
A3: 用例编号 | B3: 功能模块 | C3: 用例标题 | D3: 优先级 | E3: 用例类型 | F3: 前置条件 | G3: 测试数据 | H3: 操作步骤 | I3: 预期结果 | J3: 执行状态 | K3: 是否通过 | L3: 缺陷等级 | M3: 实际结果 | N3: 备注 | O3: 修复情况 | P3: 回归情况
A4: WB-FILTER-001 | B4: 筛选与查询 | C4: 来源多选为同维度或关系且不宣称模考入口已上线 | D4: P0 | E4: 校验 | F4: 当前考试有真题、试题库和兼容模考来源错题 | G4: 来源选择真题+试题库；分别准备三类来源题目 | H4: 1. 进入错题本记录完整列表作为基线 2. 勾选真题和试题库但不点击搜索 3. 核对列表暂未变化 4. 点击搜索并等待完成 5. 核对结果包含真题或试题库且排除模考 6. 单独选择模考执行搜索 7. 核对筛选可兼容数据但页面无新增模考业务入口 | I4: 同一来源维度多选按或关系命中；待应用条件不提前改变列表；模考只作为兼容筛选项，不产生或暗示独立学生入口。 | J4: 通过 | K4: 是
A5: WB-FILTER-002 | B5: 筛选与查询 | C5: 科目联动知识点且父级筛选包含全部后代 | D5: P0 | E5: 功能 | F5: 当前考试含科目M1、M2；M1父知识点P含叶子L1、L2并各有错题 | G5: 先选M1和P；再从M1切换M2 | H5: 1. 进入错题本并选择M1 2. 核对知识点树只显示M1范围 3. 选择父级P并点击搜索 4. 核对L1、L2的错题均命中 5. 将科目改为M2 6. 核对原知识点选择被清空且树切换为M2 7. 点击搜索并核对结果范围 | I5: 科目决定可选知识点范围；父级P包含自身和全部后代；改变科目会清空旧知识点，最终结果只属于M2。 | J5: 失败 | K5: 否 | L5: 中 | M5: 确实可以清空，但是科目可以多选，如果已经选了数学1，选择了知识点，此时多选数学2，则数学1已经选择的知识点被清空
A6: WB-FILTER-003 | B6: 筛选与查询 | C6: 同维度多选取并集而跨维度条件取交集 | D6: P0 | E6: 校验 | F6: 准备来源、科目、知识点和难度组合可区分的多条错题 | G6: 来源=真题或试题库；科目=M；知识点=L1或L2；难度=中或高 | H6: 1. 记录每个样本的属性作为基线 2. 在来源内多选真题和试题库 3. 在知识点内多选L1和L2 4. 同时选择科目M及难度中、高 5. 点击搜索并等待完成 6. 逐条核对结果满足全部跨维度条件 7. 检查未命中样本是否被排除 | I6: 来源内部、知识点内部和难度内部按或关系；来源、科目、知识点、难度之间按与关系；结果无漏选和越界题目。 | J6: 通过 | K6: 是
A7: WB-FILTER-004 | B7: 筛选与查询 | C7: 难度统一为低中高且历史综合题归入高难度 | D7: P0 | E7: 校验 | F7: 当前考试含低、中、高及历史composite错题样本 | G7: 分别选择低、中、高；composite样本C | H7: 1. 进入错题本记录四类样本作为基线 2. 选择低难度搜索并核对结果 3. 选择中难度搜索并核对结果 4. 选择高难度搜索并核对结果 5. 检查C是否命中高难度 6. 核对筛选区没有单独composite选项 7. 重置筛选完成复核 | I7: 筛选仅提供低、中、高；各档只命中对应当前难度；历史composite迁移样本按高难度命中且不出现第四档。 | J7: 通过 | K7: 是
A8: WB-FILTER-005 | B8: 筛选与查询 | C8: 日期只控制命中范围而卡片统计仍取全部历史 | D8: P0 | E8: 流程 | F8: 同一题X在六月和七月各正式做错一次 | G8: 六月提交S1选择A；七月提交S2选择B；错误次数E=2 | H8: 1. 在无日期筛选时记录X的E、历史曾选和最近错误作为基线 2. 选择仅覆盖六月的日期范围并点击搜索 3. 核对X仍进入结果 4. 核对X卡片错误次数和历史曾选 5. 核对最近错误提交时间与上下文 6. 改为仅覆盖七月搜索 7. 重置日期并刷新页面 | I8: 六月或七月任一范围都可使X命中；卡片始终显示E=2及A、B，最近错误始终取七月S2并保持不变；筛选不截断全历史统计。 | J8: 通过 | K8: 是
A9: WB-FILTER-006 | B9: 筛选与查询 | C9: 日期边界限制与搜索重置状态正确 | D9: P0 | E9: 校验 | F9: 学生有明确第一条错题日期D0；当前日期为D1 | G9: 日期下限D0、上限D1；未来D2；一组可命中筛选条件F | H9: 1. 记录当前筛选、列表和地址作为基线 2. 打开日期选择器核对D0之前和D1之后日期 3. 尝试选择未来D2和早于D0的日期 4. 选择合法范围并配置F但暂不搜索 5. 核对列表和地址仍使用旧条件 6. 点击搜索并等待查询完成，再点击重置等待成功 7. 核对所有条件清空且显示完整第一页 | I9: 日期只能在D0至D1内选择；待应用条件时列表和地址保持不变；搜索成功后新条件更新并回第一页；重置成功后清空全部条件和隐藏知识点。 | J9: 失败 | K9: 否 | L9: 高 | M9: D0没有根据考试类型来变化，例如7日是首次出现TMUA的错题，但是11号是ESAT，选择ESAT的时候，也可以看到7日

Sheet 卡片与排序
A1: 4.1 错题本人工测试用例 — 卡片与排序
A2: 来源：文档/4-需求文档/4.1 错题本.md｜范围：P0人工回归｜按真实浏览器操作与可观察结果执行
A3: 用例编号 | B3: 功能模块 | C3: 用例标题 | D3: 优先级 | E3: 用例类型 | F3: 前置条件 | G3: 测试数据 | H3: 操作步骤 | I3: 预期结果 | J3: 执行状态 | K3: 是否通过 | L3: 缺陷等级 | M3: 实际结果 | N3: 备注 | O3: 修复情况 | P3: 回归情况
A4: WB-CARD-001 | B4: 卡片与排序 | C4: 错题卡片完整展示题目属性和最近错误上下文 | D4: P0 | E4: 校验 | F4: 准备资料完整且有多次错误历史的错题X | G4: 标题、考试、科目、3个知识点、难度、错误次数E、历史曾选、最近提交时间、单题耗时、来源和试卷名称 | H4: 1. 进入错题本找到X并记录卡片内容 2. 核对标题、前两个知识点和剩余数量 3. 核对难度、E和历史曾选标签 4. 核对考试、科目、最近提交时间和单题耗时 5. 核对来源及来源试卷名称 6. 刷新页面再次核对 7. 打开解析后返回卡片 | I4: 卡片字段与X当前属性和最近错误记录一致；知识点超过两个时显示剩余数量；刷新和往返解析后保持。 | J4: 失败 | K4: 否 | L4: 高 | M4: 无法看到：核对考试、科目、最近提交时间和单题耗时 | N4: 当前实现待对齐：考试、科目、最近错误提交时间、最近单题耗时、来源和来源试卷名称尚需补充；“历史相似”文案应改为“历史曾选”。
A5: WB-CARD-002 | B5: 卡片与排序 | C5: 历史信息缺失时使用中性兜底且不阻断整页 | D5: P0 | E5: 异常 | F5: 准备标题、难度、知识点、来源或科目分别缺失的卡片样本 | G5: 标题缺失有题号；难度缺失；知识点缺失；来源或科目缺失 | H5: 1. 进入错题本并逐一定位缺失样本 2. 核对标题缺失时显示题号 3. 核对难度缺失时显示未标注 4. 核对知识点缺失题在无知识点筛选时仍可见 5. 核对来源或科目使用中性占位 6. 操作其他正常卡片和分页 7. 刷新页面完成复核 | I5: 各缺失样本使用规定兜底，不擅自归类；单张异常卡片不导致白屏、整页失败或其他卡片不可操作。 | J5: 未执行 | M5: 不具备执行条件
A6: WB-CARD-003 | B6: 卡片与排序 | C6: 列表按最近错误提交时间倒序且同时间顺序稳定 | D6: P0 | E6: 校验 | F6: 准备不同最近提交时间及相同时间的多条错题，数量覆盖两页 | G6: 题目A/B/C最近时间不同；D/E时间相同；默认每页20题 | H6: 1. 进入无筛选列表记录第一页顺序作为基线 2. 核对A/B/C按最近提交时间倒序 3. 记录D/E相对顺序 4. 翻到第二页再返回第一页 5. 刷新页面并再次记录D/E 6. 应用不改变结果集合的筛选后重新搜索 7. 核对顺序、重复和遗漏 | I6: 列表始终按最近错误提交时间倒序；同时间D/E相对顺序稳定；翻页、刷新和等价搜索后不重复、不漏题。 | J6: 失败 | K6: 否 | L6: 高 | M6: 考不到错题时间

Sheet 分页与状态恢复
A1: 4.1 错题本人工测试用例 — 分页与状态恢复
A2: 来源：文档/4-需求文档/4.1 错题本.md｜范围：P0人工回归｜按真实浏览器操作与可观察结果执行
A3: 用例编号 | B3: 功能模块 | C3: 用例标题 | D3: 优先级 | E3: 用例类型 | F3: 前置条件 | G3: 测试数据 | H3: 操作步骤 | I3: 预期结果 | J3: 执行状态 | K3: 是否通过 | L3: 缺陷等级 | M3: 实际结果 | N3: 备注 | O3: 修复情况 | P3: 回归情况
A4: WB-PAGE-001 | B4: 分页与状态恢复 | C4: 默认每页20题且切换每页数量回到第一页 | D4: P0 | E4: 流程 | F4: 当前考试有超过20条错题 | G4: 默认页码1；默认每页20；选择另一可用每页数量N | H4: 1. 首次进入错题本记录页码、每页数量和卡片数 2. 翻到第二页并记录首尾题目 3. 切换每页数量为N 4. 核对页面回到第一页 5. 核对列表条数不超过N 6. 刷新页面再次核对 7. 返回默认设置完成复核 | I4: 首次默认第一页且每页20题；翻页正确；切换每页数量后页码更新为1并按N展示；刷新后每页数量保持N，页面地址与当前值一致。 | J4: 通过 | K4: 是
A5: WB-PAGE-002 | B5: 分页与状态恢复 | C5: 筛选页码和每页数量可通过地址刷新与复制恢复 | D5: P0 | E5: 流程 | F5: 筛选结果超过一页；可使用同账号新标签页 | G5: 已应用筛选F；页码P=2；每页数量N | H5: 1. 应用F并进入第2页，设置每页数量N 2. 记录当前地址和可见题目作为基线 3. 刷新当前页面 4. 核对F、P、N和列表恢复 5. 复制地址到新标签页打开 6. 核对新标签页恢复相同结果 7. 改变数据使P越界后再次打开该地址并完成恢复 | I5: 刷新和复制地址后F、P、N及对应列表保持不变；当P越界时页码更新为最后一个有效页，而不是空白或错误页。 | J5: 通过 | K5: 是
A6: WB-PAGE-003 | B6: 分页与状态恢复 | C6: 分页始终使用最近成功条件而不提前应用待选条件 | D6: P0 | E6: 流程 | F6: 已成功应用筛选F1且结果超过一页 | G6: 已应用F1；仅在筛选区选择但未搜索的F2 | H6: 1. 应用F1并记录第一页结果作为基线 2. 在筛选区改选F2但不点击搜索 3. 点击第二页 4. 核对列表仍全部满足F1 5. 返回第一页并检查地址仍为F1 6. 点击搜索正式应用F2 7. 核对回到第一页且地址更新为F2 | I6: 未搜索的F2只停留在筛选控件；翻页继续使用F1；只有搜索成功后F2才成为已应用条件并使页码回到1。 | J6: 通过 | K6: 是

Sheet 单题解析
A1: 4.1 错题本人工测试用例 — 单题解析
A2: 来源：文档/4-需求文档/4.1 错题本.md｜范围：P0人工回归｜按真实浏览器操作与可观察结果执行
A3: 用例编号 | B3: 功能模块 | C3: 用例标题 | D3: 优先级 | E3: 用例类型 | F3: 前置条件 | G3: 测试数据 | H3: 操作步骤 | I3: 预期结果 | J3: 执行状态 | K3: 是否通过 | L3: 缺陷等级 | M3: 实际结果 | N3: 备注 | O3: 修复情况 | P3: 回归情况
A4: WB-REVIEW-001 | B4: 单题解析 | C4: 查看解析定位最近一次错误答卷中的当前题 | D4: P0 | E4: 流程 | F4: 题X有多次错误历史且最近一次错误答卷R可访问 | G4: R中的学生答案A、正确答案C和解析内容已知 | H4: 1. 在错题本找到X并记录最近错误信息 2. 点击查看解析 3. 核对页面只展示X且没有整份答卷题号导航 4. 核对学生答案A和正确答案C 5. 核对基础解析及可用的重点、步骤、干扰项、建议或常见错误 6. 刷新解析页再次核对 7. 点击返回错题本 | I4: 解析绑定X最近一次错误答卷R；只展示X，不要求先进入诊断报告；答案和解析正确；刷新后保持且可安全返回。 | J4: 通过 | K4: 是
A5: WB-REVIEW-002 | B5: 单题解析 | C5: 从第二页解析返回后恢复原筛选和页码 | D5: P0 | E5: 流程 | F5: 筛选结果超过一页且第二页有可解析错题X | G5: 筛选F；页码P=2；每页数量N；题X | H5: 1. 应用F并进入第2页，设置每页数量N 2. 记录列表和地址作为基线 3. 点击X的查看解析 4. 在解析页刷新一次 5. 点击返回错题本 6. 核对F、P、N和X所在列表恢复 7. 浏览器前进后再返回完成复核 | I5: 即使解析页刷新，返回后F、P=2、N和原列表位置仍保持不变；不会回到无筛选第一页或其他业务页面。 | J5: 通过 | K5: 是
A6: WB-REVIEW-003 | B6: 单题解析 | C6: 题目没有解析内容时仍展示题目与答案 | D6: P0 | E6: 异常 | F6: 错题X有有效答卷但当前题目没有解析文本 | G6: 题干、学生答案A、正确答案C存在；解析为空 | H6: 1. 从错题卡片点击X的查看解析 2. 等待页面加载完成 3. 核对题干、A和C 4. 核对暂无解析提示 5. 检查页面没有伪造解析或空白白屏 6. 点击返回错题本 7. 再次打开完成复核 | I6: 页面明确提示当前题目暂无解析内容，同时正常展示题目、学生答案和正确答案；返回和再次打开均可用。 | J6: 未执行 | M6: 无法执行
A7: WB-REVIEW-004 | B7: 单题解析 | C7: 最近答卷关系缺失时禁用解析且不影响其他卡片 | D7: P0 | E7: 异常 | F7: 异常卡片X缺少有效答卷关系；同页正常卡片Y可解析 | G7: X无有效答卷；Y有完整答卷 | H7: 1. 进入包含X、Y的错题列表 2. 核对X的查看解析不可点击或有明确不可用提示 3. 尝试通过键盘或地址进入X解析 4. 返回列表 5. 点击Y的查看解析 6. 核对Y正常加载并返回 7. 刷新列表再次核对 | I7: X不能进入伪造或错误解析；异常不阻断整页；Y仍可正常解析；刷新后限制保持。 | J7: 未执行 | M7: 无法执行
A8: WB-REVIEW-005 | B8: 单题解析 | C8: 解析失败可重试且非法返回地址只能回错题本 | D8: P0 | E8: 安全 | F8: 可模拟解析读取失败；可构造站外或其他业务返回地址 | G8: 题X；非法返回地址=站外URL和站内非错题本路径 | H8: 1. 从X卡片进入解析并制造读取失败 2. 核对错误信息、重新加载和返回错题本操作 3. 恢复网络后点击重新加载 4. 核对X完整解析加载成功 5. 分别使用两类非法返回地址打开解析 6. 点击返回 7. 核对最终落点 | I8: 读取失败不显示其他题，页面同时提供重试和返回；恢复后可加载X；非法返回地址被忽略并统一回到错题本首页。 | J8: 通过 | K8: 否 | L8: 低 | M8: 没有重新加载页，直接报错，刷新后可进入错题页面 | N8: 当前实现待对齐：解析失败页需补充明确的重新加载入口，同时保留返回错题本。

Sheet 异常容错
A1: 4.1 错题本人工测试用例 — 异常容错
A2: 来源：文档/4-需求文档/4.1 错题本.md｜范围：P0人工回归｜按真实浏览器操作与可观察结果执行
A3: 用例编号 | B3: 功能模块 | C3: 用例标题 | D3: 优先级 | E3: 用例类型 | F3: 前置条件 | G3: 测试数据 | H3: 操作步骤 | I3: 预期结果 | J3: 执行状态 | K3: 是否通过 | L3: 缺陷等级 | M3: 实际结果 | N3: 备注 | O3: 修复情况 | P3: 回归情况
A4: WB-FAIL-001 | B4: 异常容错 | C4: 首次加载失败与暂无错题和无匹配结果明确区分 | D4: P0 | E4: 异常 | F4: 可模拟首次列表失败；另有无错题账号A和有错题账号B | G4: 场景1请求失败；场景2A无正式错题；场景3B筛选无命中 | H4: 1. 制造首次加载失败进入错题本 2. 核对错题加载失败、原因和重新加载 3. 恢复后重试并确认正常结果 4. 使用A进入同一考试 5. 核对显示暂无错题 6. 使用B应用无命中筛选 7. 核对显示暂无匹配错题及调整提示 | I4: 请求失败、真实无错题和筛选无结果使用三种明确提示；失败不伪装空态；重试成功后正常加载。 | J4: 未执行
A5: WB-FAIL-002 | B5: 异常容错 | C5: 已有列表后搜索或分页失败保留原结果和页码 | D5: P0 | E5: 异常 | F5: 已成功应用F1并位于第2页；可模拟搜索和翻页失败 | G5: 原列表L、页码P=2、每页N；新待选条件F2 | H5: 1. 记录F1、L、P、N作为基线 2. 选择F2并制造搜索失败 3. 核对筛选控件保留F2但列表和地址仍为F1 4. 恢复后取消F2并制造翻页失败 5. 核对L、P、N和分页器 6. 点击重试并等待成功 7. 刷新页面完成复核 | I5: 两类失败均保留上次成功的L、P、N和可操作分页器，并提示结果未更新；F2不被偷偷应用；重试成功后才更新。 | J5: 未执行 | N5: 当前实现待对齐：已有列表后的请求失败需继续显示原分页器和重试入口。
A6: WB-FAIL-003 | B6: 异常容错 | C6: 重置失败恢复原筛选列表和地址 | D6: P0 | E6: 异常 | F6: 已成功应用筛选F并位于非第一页；可模拟重置请求失败 | G6: 筛选F、原列表L、页码P、地址U | H6: 1. 记录F、L、P、U作为基线 2. 点击重置并制造请求失败 3. 核对页面错误提示 4. 核对筛选区恢复F而不是显示空条件 5. 核对L、P、U保持 6. 恢复网络后再次点击重置 7. 核对完整列表第一页和新地址 | I6: 重置失败时F、L、P、U保持一致，不出现空筛选配旧列表；重试成功后才清空条件并回到完整列表第一页。 | J6: 未执行
A7: WB-FAIL-004 | B7: 异常容错 | C7: 考纲加载失败不影响其他筛选列表和解析 | D7: P0 | E7: 异常 | F7: 错题列表可正常加载；可单独模拟当前考试考纲失败 | G7: 来源、难度、日期均有可命中样本；正常卡片X可解析 | H7: 1. 制造考纲失败后进入错题本 2. 核对科目和知识点禁用及错误提示 3. 使用来源、难度和日期执行搜索 4. 核对列表正常更新 5. 打开X解析后返回 6. 顶部切换另一考试触发新考纲加载 7. 核对未显示原考试考纲作为替代 | I7: 考纲失败只禁用科目和知识点；其他筛选、列表和解析保持可用；切换考试重新加载对应考纲，绝不串用旧考试数据。 | J7: 未执行
A8: WB-FAIL-005 | B8: 异常容错 | C8: 快速切换考试连续搜索和翻页只采用最后一次请求 | D8: P0 | E8: 异常 | F8: ESAT和TMUA数据可区分；可制造不同请求返回先后顺序 | G8: 连续操作序列=ESAT搜索F1→翻页→切TMUA搜索F2 | H8: 1. 记录两个考试的样本和地址作为基线 2. 快速执行ESAT搜索F1和翻页 3. 在请求未完成时切到TMUA并搜索F2 4. 等待后发请求先返回 5. 再等待早期ESAT请求返回 6. 核对列表、总数、页码、地址和错误提示 7. 刷新页面再次核对 | I8: 最终页面只反映TMUA与F2；迟到的ESAT请求不能覆盖列表、总数、页码、地址或错误提示；刷新后保持最终条件。 | J8: 未执行

Sheet 后台内容变化
A1: 4.1 错题本人工测试用例 — 后台内容变化
A2: 来源：文档/4-需求文档/4.1 错题本.md｜范围：P0人工回归｜按真实浏览器操作与可观察结果执行
A3: 用例编号 | B3: 功能模块 | C3: 用例标题 | D3: 优先级 | E3: 用例类型 | F3: 前置条件 | G3: 测试数据 | H3: 操作步骤 | I3: 预期结果 | J3: 执行状态 | K3: 是否通过 | L3: 缺陷等级 | M3: 实际结果 | N3: 备注 | O3: 修复情况 | P3: 回归情况
A4: WB-ADMIN-001 | B4: 后台内容变化 | C4: 后台归档题目后已形成错题和解析继续保留 | D4: P0 | E4: 权限 | F4: 题X已有错题历史和有效解析；管理员可归档X | G4: 操作前X错误次数E、历史曾选A、最近答卷R | H4: 1. 在错题本记录X的E、A、R作为基线 2. 从X进入解析并返回 3. 管理员将X改为归档并保存成功 4. 学生刷新错题本并搜索X 5. 核对X卡片历史信息 6. 再次进入X解析 7. 重新登录后再次核对 | I4: 归档不删除X的错题事实；E、A、R保持不变，卡片和解析继续可访问；新练习不应再抽取X但历史不受影响。 | J4: 未执行
A5: WB-ADMIN-002 | B5: 后台内容变化 | C5: 后台修改题目属性后按当前属性筛选但历史错误不重算 | D5: P0 | E5: 流程 | F5: 题X已有错误历史；管理员可修改科目、知识点和难度 | G5: 原属性C1=科目M1/知识点L1/低；新属性C2=科目M2/知识点L2/高；错误次数E | H5: 1. 按C1筛选X并记录E作为基线 2. 管理员将X属性改为C2并保存成功 3. 学生刷新并继续使用C1搜索 4. 核对X不再命中C1 5. 改用C2搜索并找到X 6. 核对E、历史曾选和最近错误 7. 打开解析后返回 | I5: 筛选和卡片采用当前C2，X从C1移入C2范围；E及历史选择保持不变，不因属性修改重新判定或累计。 | J5: 未执行
A6: WB-ADMIN-003 | B6: 后台内容变化 | C6: 后台修改题目内容和答案不重算历史判题并展示当前解析 | D6: P0 | E6: 流程 | F6: 题X已有一次错误历史；管理员可修改题干、选项、正确答案和解析 | G6: 原版本V1、错误次数E；新版本V2含可识别文案和新解析 | H6: 1. 记录X的V1、E和历史曾选作为基线 2. 管理员将题目更新为V2并保存成功 3. 学生刷新错题本找到X 4. 核对卡片错误次数和历史曾选 5. 进入解析核对当前题干、答案和解析 6. 返回列表再次刷新 7. 对照历史提交时间完成复核 | I6: 列表与解析读取当前V2；E和历史曾选保持，不按新正确答案重判历史；本期不伪造V1完整快照。 | J6: 未执行 | N6: 产品既定限制：当前版本与作答时版本可能不一致，待后续题目与答案快照能力解决。
