Workbook

Sheet 测试说明
A1: 4.3 个人中心自动化测试用例
A2: 参数化覆盖规则、接口、安全、时序、状态迁移和故障注入；重点断言正式交卷后的统计增量与幂等性。
A4: 文档版本 | B4: V1.1 | D4: 生成日期 | E4: 46243 | G4: 用例总数 | H4: =SUM(B10:B17)
A5: 需求来源 | B5: 文档/4-需求文档/4.3 个人中心.md | G5: 默认状态 | H5: 待实现 / 未执行
A6: 关联规则 | B6: 4.2会员权益、4.4登录注册、4.8诊断测试、4.9支付、4.12练习册；专项规则优先。
A8: 模块覆盖统计
A9: 模块 | B9: 用例数 | C9: P0 | D9: P1 | E9: API | F9: UI | G9: 混合 | H9: 待实现 | I9: 已实现
A10: 访问与档案 | B10: =COUNTA('访问与档案'!$A$4:$A$7) | C10: =COUNTIF('访问与档案'!$D$4:$D$7,"P0") | D10: =COUNTIF('访问与档案'!$D$4:$D$7,"P1") | E10: =COUNTIF('访问与档案'!$E$4:$E$7,"API") | F10: =COUNTIF('访问与档案'!$E$4:$E$7,"UI") | G10: =COUNTIF('访问与档案'!$E$4:$E$7,"混合") | H10: =COUNTIF('访问与档案'!$K$4:$K$7,"待实现") | I10: =COUNTIF('访问与档案'!$K$4:$K$7,"已实现")
A11: 会员与学习 | B11: =COUNTA('会员与学习'!$A$4:$A$15) | C11: =COUNTIF('会员与学习'!$D$4:$D$15,"P0") | D11: =COUNTIF('会员与学习'!$D$4:$D$15,"P1") | E11: =COUNTIF('会员与学习'!$E$4:$E$15,"API") | F11: =COUNTIF('会员与学习'!$E$4:$E$15,"UI") | G11: =COUNTIF('会员与学习'!$E$4:$E$15,"混合") | H11: =COUNTIF('会员与学习'!$K$4:$K$15,"待实现") | I11: =COUNTIF('会员与学习'!$K$4:$K$15,"已实现")
A12: 邮箱修改 | B12: =COUNTA('邮箱修改'!$A$4:$A$10) | C12: =COUNTIF('邮箱修改'!$D$4:$D$10,"P0") | D12: =COUNTIF('邮箱修改'!$D$4:$D$10,"P1") | E12: =COUNTIF('邮箱修改'!$E$4:$E$10,"API") | F12: =COUNTIF('邮箱修改'!$E$4:$E$10,"UI") | G12: =COUNTIF('邮箱修改'!$E$4:$E$10,"混合") | H12: =COUNTIF('邮箱修改'!$K$4:$K$10,"待实现") | I12: =COUNTIF('邮箱修改'!$K$4:$K$10,"已实现")
A13: 密码与会话 | B13: =COUNTA('密码与会话'!$A$4:$A$9) | C13: =COUNTIF('密码与会话'!$D$4:$D$9,"P0") | D13: =COUNTIF('密码与会话'!$D$4:$D$9,"P1") | E13: =COUNTIF('密码与会话'!$E$4:$E$9,"API") | F13: =COUNTIF('密码与会话'!$E$4:$E$9,"UI") | G13: =COUNTIF('密码与会话'!$E$4:$E$9,"混合") | H13: =COUNTIF('密码与会话'!$K$4:$K$9,"待实现") | I13: =COUNTIF('密码与会话'!$K$4:$K$9,"已实现")
A14: 目标偏好 | B14: =COUNTA('目标偏好'!$A$4:$A$9) | C14: =COUNTIF('目标偏好'!$D$4:$D$9,"P0") | D14: =COUNTIF('目标偏好'!$D$4:$D$9,"P1") | E14: =COUNTIF('目标偏好'!$E$4:$E$9,"API") | F14: =COUNTIF('目标偏好'!$E$4:$E$9,"UI") | G14: =COUNTIF('目标偏好'!$E$4:$E$9,"混合") | H14: =COUNTIF('目标偏好'!$K$4:$K$9,"待实现") | I14: =COUNTIF('目标偏好'!$K$4:$K$9,"已实现")
A15: 订阅汇总 | B15: =COUNTA('订阅汇总'!$A$4:$A$7) | C15: =COUNTIF('订阅汇总'!$D$4:$D$7,"P0") | D15: =COUNTIF('订阅汇总'!$D$4:$D$7,"P1") | E15: =COUNTIF('订阅汇总'!$E$4:$E$7,"API") | F15: =COUNTIF('订阅汇总'!$E$4:$E$7,"UI") | G15: =COUNTIF('订阅汇总'!$E$4:$E$7,"混合") | H15: =COUNTIF('订阅汇总'!$K$4:$K$7,"待实现") | I15: =COUNTIF('订阅汇总'!$K$4:$K$7,"已实现")
A16: 支付记录 | B16: =COUNTA('支付记录'!$A$4:$A$7) | C16: =COUNTIF('支付记录'!$D$4:$D$7,"P0") | D16: =COUNTIF('支付记录'!$D$4:$D$7,"P1") | E16: =COUNTIF('支付记录'!$E$4:$E$7,"API") | F16: =COUNTIF('支付记录'!$E$4:$E$7,"UI") | G16: =COUNTIF('支付记录'!$E$4:$E$7,"混合") | H16: =COUNTIF('支付记录'!$K$4:$K$7,"待实现") | I16: =COUNTIF('支付记录'!$K$4:$K$7,"已实现")
A17: 局部失败与一致性 | B17: =COUNTA('局部失败与一致性'!$A$4:$A$9) | C17: =COUNTIF('局部失败与一致性'!$D$4:$D$9,"P0") | D17: =COUNTIF('局部失败与一致性'!$D$4:$D$9,"P1") | E17: =COUNTIF('局部失败与一致性'!$E$4:$E$9,"API") | F17: =COUNTIF('局部失败与一致性'!$E$4:$E$9,"UI") | G17: =COUNTIF('局部失败与一致性'!$E$4:$E$9,"混合") | H17: =COUNTIF('局部失败与一致性'!$K$4:$K$9,"待实现") | I17: =COUNTIF('局部失败与一致性'!$K$4:$K$9,"已实现")
A18: 合计 | B18: =SUM(B10:B17) | C18: =SUM(C10:C17) | D18: =SUM(D10:D17) | E18: =SUM(E10:E17) | F18: =SUM(F10:F17) | G18: =SUM(G10:G17) | H18: =SUM(H10:H17) | I18: =SUM(I10:I17)
A20: 使用说明
A21: 自动化层级 | B21: API验证规则与状态，UI验证交互，混合验证前后端一致。
A22: 参数化数据 | B22: 同一规则的数据值保存在一行，落地脚本时用test.each或等价机制展开。
A23: 建议路径 | B23: 仅为目标规划，不表示仓库已存在测试框架或脚本。
A24: Mock与假时钟 | B24: 限流、过期、网络失败、交卷状态迁移、响应丢失和并发使用可控数据、假时钟与故障注入。
A25: 脚本状态 | B25: 默认待实现；实现并执行后再填写执行、缺陷、修复和回归结果。

Sheet 访问与档案
A1: 4.3 个人中心自动化测试用例｜访问与档案
A2: 来源：文档/4-需求文档/4.3 个人中心.md ｜ 范围：参数化规则、接口、安全、并发与故障注入 ｜ 访问与档案：4 条
A3: 用例编号 | B3: 功能模块 | C3: 用例标题 | D3: 优先级 | E3: 自动化层级 | F3: 前置数据/Mock | G3: 参数化测试数据 | H3: 自动化步骤 | I3: 断言 | J3: 建议脚本路径 | K3: 脚本状态 | L3: 执行状态 | M3: 是否通过 | N3: 缺陷等级 | O3: 实际结果 | P3: 备注 | Q3: 修复情况 | R3: 回归情况
A4: AUT-PC-PRO-001 | B4: 访问与档案 | C4: 个人中心认证与本人数据权限矩阵 | D4: P0 | E4: 混合 | F4: 准备访客、学生、管理员和其他用户数据 | G4: 未登录；学生本人；管理员本人；构造otherUserId | H4: 1. 按前置数据/Mock创建独立测试数据，并读取操作前基线 2. 将参数化数据逐组执行：参数化访问页面与资料接口 3. 收集接口响应、页面展示及持久化后的个人中心数据 4. 对照断言逐项校验，每组结束后还原Mock并清理测试数据 | I4: 访客被认证拦截；学生和管理员只能读取本人；构造他人ID被服务端拒绝；响应不泄露其他用户资料 | J4: api/tests/profile/profile-access.spec.ts | K4: 待实现 | L4: 未执行
A5: AUT-PC-PRO-002 | B5: 访问与档案 | C5: 头像占位与身份标签派生规则 | D5: P1 | E5: UI | F5: 准备无头像、免费学生、多个有效会员和管理员 | G5: 用户名首字；免费版；ESAT/TMUA标签；管理员 | H5: 1. 按前置数据/Mock创建独立测试数据，并读取操作前基线 2. 将参数化数据逐组执行：参数化加载档案卡 3. 收集接口响应、页面展示及持久化后的个人中心数据 4. 对照断言逐项校验，每组结束后还原Mock并清理测试数据 | I5: 无头像使用首字；有效标签按考试显示；无有效会员学生显示免费版；管理员绝不显示免费用户 | J5: quiz-web/e2e/profile/profile-card.spec.ts | K5: 待实现 | L5: 未执行
A6: AUT-PC-PRO-003 | B6: 访问与档案 | C6: 网络地址与地区展示参数集 | D6: P1 | E6: 混合 | F6: Mock当前会话网络解析结果 | G6: 127.0.0.1；IPv4；IPv6；无地区；解析失败 | H6: 1. 按前置数据/Mock创建独立测试数据，并读取操作前基线 2. 将参数化数据逐组执行：加载档案卡并检查会话接口 3. 收集接口响应、页面展示及持久化后的个人中心数据 4. 对照断言逐项校验，每组结束后还原Mock并清理测试数据 | I6: 本地回环显示本地网络和127.0.0.1；可解析结果正常；失败显示位置暂不可用；不暴露非当前会话设备信息 | J6: quiz-web/e2e/profile/network-info.spec.ts | K6: 待实现 | L6: 未执行
A7: AUT-PC-PRO-004 | B7: 访问与档案 | C7: 无目标与缺失字段不得使用演示数据回填 | D7: P0 | E7: 混合 | F7: 账号无目标偏好或接口返回空字段 | G7: 地区/院校/专业/时长/月为空 | H7: 1. 按前置数据/Mock创建独立测试数据，并读取操作前基线 2. 将参数化数据逐组执行：加载档案与目标卡 3. 收集接口响应、页面展示及持久化后的个人中心数据 4. 对照断言逐项校验，每组结束后还原Mock并清理测试数据 | I7: 页面显示未设置或空态；不得出现示例地区、院校、专业、时长和月份；响应空值不被前端默认值覆盖 | J7: quiz-web/e2e/profile/no-fallback-data.spec.ts | K7: 待实现 | L7: 未执行 | P7: 当前实现待对齐，建议优先锁定。

Sheet 会员与学习
A1: 4.3 个人中心自动化测试用例｜会员与学习
A2: 来源：文档/4-需求文档/4.3 个人中心.md ｜ 范围：参数化规则、接口、安全、并发与故障注入 ｜ 会员与学习：8 条
A3: 用例编号 | B3: 功能模块 | C3: 用例标题 | D3: 优先级 | E3: 自动化层级 | F3: 前置数据/Mock | G3: 参数化测试数据 | H3: 自动化步骤 | I3: 断言 | J3: 建议脚本路径 | K3: 脚本状态 | L3: 执行状态 | M3: 是否通过 | N3: 缺陷等级 | O3: 实际结果 | P3: 备注 | Q3: 修复情况 | R3: 回归情况
A4: AUT-PC-MEM-001 | B4: 会员与学习 | C4: 当前考试选择优先级矩阵 | D4: P0 | E4: API | F4: 准备目标偏好、有效会员和开放考试组合 | G4: 目标首项开放/目标仅STEP/仅有效会员/多有效会员/全部为空 | H4: 1. 按前置数据/Mock创建独立测试数据，并读取操作前基线 2. 将参数化数据逐组执行：调用个人中心上下文接口 3. 收集接口响应、页面展示及持久化后的个人中心数据 4. 对照断言逐项校验，每组结束后还原Mock并清理测试数据 | I4: 依次使用首个开放目标、有效会员考试和默认开放考试；STEP及未知考试不成为当前考试；结果稳定可复现 | J4: api/tests/profile/current-exam.spec.ts | K4: 待实现 | L4: 未执行
A5: AUT-PC-MEM-002 | B5: 会员与学习 | C5: ESAT与TMUA会员及学习增量严格隔离 | D5: P0 | E5: API | F5: 为同一用户准备ESAT与TMUA不同会员、统计和基线；可完成单一考试的练习或诊断 | G5: ESAT练习正式交卷；TMUA诊断正式交卷；反向组合；双会员/双免费 | H5: 1. 分别读取ESAT与TMUA方案、P、D、S、Q基线 2. 仅在参数指定考试完成练习或诊断并正式交卷 3. 再次分别读取两种考试上下文 4. 切换考试两次并核对页面数据 5. 清理本组记录后执行反向组合 | I5: 目标考试只增加对应P/D/Q并更新自身S；另一考试方案、到期、P、D、S、Q完全不变；临时切换不修改目标偏好。 | J5: api/tests/profile/exam-isolation.spec.ts | K5: 待实现 | L5: 未执行
A6: AUT-PC-MEM-003 | B6: 会员与学习 | C6: 会员主按钮状态矩阵 | D6: P0 | E6: 混合 | F6: 准备免费/会员/管理员及诊断记录组合 | G6: 非会员无诊断/非会员有诊断/有效会员/管理员/权益未知 | H6: 1. 按前置数据/Mock创建独立测试数据，并读取操作前基线 2. 将参数化数据逐组执行：加载会员卡并触发主操作 3. 收集接口响应、页面展示及持久化后的个人中心数据 4. 对照断言逐项校验，每组结束后还原Mock并清理测试数据 | I6: 分别显示开始诊断、开通会员、续费、无购买按钮和加载状态；来源考试传递正确；未知状态不生成操作 | J6: quiz-web/e2e/profile/membership-actions.spec.ts | K6: 待实现 | L6: 未执行
A7: AUT-PC-MEM-004 | B7: 会员与学习 | C7: 学习统计聚合口径 | D7: P0 | E7: API | F7: 准备题库交卷、诊断完成、进行中及失败记录 | G7: 正式交卷/草稿/重复提交；正式诊断/进行中/失败；跨考试 | H7: 1. 按前置数据/Mock创建独立测试数据，并读取操作前基线 2. 将参数化数据逐组执行：读取学习摘要 3. 收集接口响应、页面展示及持久化后的个人中心数据 4. 对照断言逐项校验，每组结束后还原Mock并清理测试数据 | I7: 题库累计只计正式交卷答题；诊断次数只计正式完成；累计做题按规定范围；重复与跨考试数据不重复计入 | J7: api/tests/profile/learning-summary.spec.ts | K7: 待实现 | L7: 未执行
A8: AUT-PC-MEM-005 | B8: 会员与学习 | C8: 真实零值、未知状态与无分数区分 | D8: P0 | E8: 混合 | F8: Mock成功0、失败、无诊断分数 | G8: 0；接口失败；score=null | H8: 1. 按前置数据/Mock创建独立测试数据，并读取操作前基线 2. 将参数化数据逐组执行：加载各统计区域 3. 收集接口响应、页面展示及持久化后的个人中心数据 4. 对照断言逐项校验，每组结束后还原Mock并清理测试数据 | I8: 成功0显示0；失败显示未知/重试而非0；无有效分显示--；页面不使用旧缓存伪装真实结果 | J8: quiz-web/e2e/profile/summary-empty-unknown.spec.ts | K8: 待实现 | L8: 未执行 | P8: 当前实现可能先显示免费或0，需作为缺陷判定。
A9: AUT-PC-MEM-006 | B9: 会员与学习 | C9: STEP及未开放考试不可切换购买或学习 | D9: P0 | E9: 混合 | F9: 存在STEP历史目标或会员记录 | G9: 点击STEP；构造examType=STEP/UNKNOWN | H9: 1. 按前置数据/Mock创建独立测试数据，并读取操作前基线 2. 将参数化数据逐组执行：操作切换、购买和诊断入口 3. 收集接口响应、页面展示及持久化后的个人中心数据 4. 对照断言逐项校验，每组结束后还原Mock并清理测试数据 | I9: UI仅提示正在推进中且当前考试不变；接口拒绝未开放考试购买/新学习任务；历史记录不授予权益 | J9: api/tests/profile/unavailable-exam.spec.ts | K9: 待实现 | L9: 未执行
A10: AUT-PC-MEM-007 | B10: 会员与学习 | C10: 当前有效权益选择与来源区分 | D10: P0 | E10: API | F10: 同考试存在有效、过期、取消、后台授权和多条记录 | G10: 不同结束时间与来源组合 | H10: 1. 按前置数据/Mock创建独立测试数据，并读取操作前基线 2. 将参数化数据逐组执行：读取会员上下文和顶部标签 3. 收集接口响应、页面展示及持久化后的个人中心数据 4. 对照断言逐项校验，每组结束后还原Mock并清理测试数据 | I10: 有效期内结束最晚记录承担当前权益；过期取消不进标签；后台授权可形成权益但无支付订单；管理员身份独立判断 | J10: api/tests/profile/active-membership.spec.ts | K10: 待实现 | L10: 未执行
A11: AUT-PC-MEM-008 | B11: 会员与学习 | C11: 目标功能对陈旧页面摘要重新校验权益 | D11: P0 | E11: 混合 | F11: 页面先显示会员，随后使权益到期或取消 | G11: 开始诊断/开通或续费操作 | H11: 1. 按前置数据/Mock创建独立测试数据，并读取操作前基线 2. 将参数化数据逐组执行：不刷新页面直接触发新操作 3. 收集接口响应、页面展示及持久化后的个人中心数据 4. 对照断言逐项校验，每组结束后还原Mock并清理测试数据 | I11: 服务端按最新权益拒绝无资格新任务并给购买入口；进行中任务和历史结果保留；前端旧按钮不能绕过 | J11: api/tests/profile/stale-entitlement.spec.ts | K11: 待实现 | L11: 未执行
A12: AUT-PC-MEM-009 | B12: 会员与学习 | C12: 题库练习状态迁移与个人中心题量增量 | D12: P0 | E12: API | F12: 为单一用户和考试创建统计基线P/Q；可控制练习状态、生成题量与作答数量 | G12: 题量1/5/25；已答0/部分/全部；草稿/进行中/正式交卷 | H12: 1. 读取个人中心基线P、Q、D 2. 创建练习并保存草稿或进行中状态，重新读取摘要 3. 将同一练习正式交卷并读取落库题目数 4. 再次读取个人中心摘要并刷新查询 5. 对每组参数清理数据后重复 | I12: 草稿和进行中不改变P/Q/D；正式交卷后P与Q均增加服务端生成题量，和实际作答数量无关；D不变；同一练习只计一次；重新查询结果稳定。 | J12: api/tests/profile/practice-stat-transition.spec.ts | K12: 待实现 | L12: 未执行
A13: AUT-PC-MEM-010 | B13: 会员与学习 | C13: 诊断正式交卷驱动次数与最新预估分更新 | D13: P0 | E13: API | F13: 为ESAT/TMUA分别创建基线D/S/Q；可控制attempt与报告状态 | G13: 进行中；正式交卷+待生成/生成中/成功/分析失败；不同分数 | H13: 1. 读取目标考试D、S、Q基线 2. 创建并保存进行中attempt后读取个人中心 3. 将同一attempt正式交卷并生成成绩 4. 在四种报告状态下分别读取个人中心 5. 切换另一考试读取隔离数据 | I13: 进行中不增加D且不覆盖S；正式交卷后D恰好+1、S取该次真实成绩、Q按正式答题记录更新；报告状态不影响D；另一考试所有统计不变。 | J13: api/tests/profile/diagnostic-stat-transition.spec.ts | K13: 待实现 | L13: 未执行
A14: AUT-PC-MEM-011 | B14: 会员与学习 | C14: 诊断重新测试按正式记录逐次累计且历史不覆盖 | D14: P0 | E14: API | F14: 同一试卷已有一次正式诊断记录；支持创建全新重测attempt | G14: 连续重测1/2次；相同/不同分数；报告成功/失败 | H14: 1. 读取D、S及历史记录数H 2. 创建空白重测attempt并确认此时D/H不变 3. 正式交卷并读取D、S、H 4. 按参数再次重测并重复查询 5. 读取每个历史examRecord的成绩和状态 | I14: 每个不同attempt只在正式交卷后使D与H各+1；S始终取最新正式成绩；旧成绩和报告状态保持；分析失败不回滚已完成次数。 | J14: api/tests/profile/diagnostic-retest-summary.spec.ts | K14: 待实现 | L14: 未执行
A15: AUT-PC-MEM-012 | B15: 会员与学习 | C15: 练习与诊断交卷并发、重试及响应丢失保持幂等 | D15: P0 | E15: API | F15: 可注入超时、500、事务回滚和成功响应丢失；准备同一practiceId或attemptId | G15: 业务=练习/诊断；并发2/5次；失败后重试；成功响应丢失 | H15: 1. 读取个人中心统计基线 2. 对同一交卷标识并发发送参数化请求 3. 在失败或响应丢失后使用同一标识重试 4. 查询正式记录、个人中心摘要和历史列表 5. 再次重复查询确认没有延迟重复累计 | I15: 事务失败不产生统计；最终至多一条正式记录；练习只按题量增加一次，诊断次数只增加一次；重试返回同一业务结果；不存在重复成绩、报告任务或跨考试增量。 | J15: api/tests/profile/submission-idempotency-summary.spec.ts | K15: 待实现 | L15: 未执行

Sheet 邮箱修改
A1: 4.3 个人中心自动化测试用例｜邮箱修改
A2: 来源：文档/4-需求文档/4.3 个人中心.md ｜ 范围：参数化规则、接口、安全、并发与故障注入 ｜ 邮箱修改：7 条
A3: 用例编号 | B3: 功能模块 | C3: 用例标题 | D3: 优先级 | E3: 自动化层级 | F3: 前置数据/Mock | G3: 参数化测试数据 | H3: 自动化步骤 | I3: 断言 | J3: 建议脚本路径 | K3: 脚本状态 | L3: 执行状态 | M3: 是否通过 | N3: 缺陷等级 | O3: 实际结果 | P3: 备注 | Q3: 修复情况 | R3: 回归情况
A4: AUT-PC-EML-001 | B4: 邮箱修改 | C4: 新邮箱必填、格式及不同于当前邮箱参数集 | D4: P1 | E4: 混合 | F4: 打开修改信息弹窗 | G4: 空/合法/缺@/缺域名/内部空格/超长/与当前邮箱大小写或空格等价 | H4: 1. 按前置数据/Mock创建独立测试数据，并读取操作前基线 2. 将参数化数据逐组执行：逐组请求验证码 3. 收集接口响应、页面展示及持久化后的个人中心数据 4. 对照断言逐项校验，每组结束后还原Mock并清理测试数据 | I4: 非法、空或规范化后等于当前邮箱均不发送；合法不同邮箱才创建挑战；页面提示定位正确 | J4: quiz-web/e2e/profile/email-validation.spec.ts | K4: 待实现 | L4: 未执行
A5: AUT-PC-EML-002 | B5: 邮箱修改 | C5: 邮箱规范化与全局唯一 | D5: P0 | E5: API | F5: 准备已占用邮箱和未占用邮箱 | G5: Existing@Example.COM；前后空格；并发相同新邮箱 | H5: 1. 按前置数据/Mock创建独立测试数据，并读取操作前基线 2. 将参数化数据逐组执行：请求验证码并保存邮箱 3. 收集接口响应、页面展示及持久化后的个人中心数据 4. 对照断言逐项校验，每组结束后还原Mock并清理测试数据 | I5: 去空格小写后判重；已占用不更新；并发最多一个账号成功占用；数据库保持唯一 | J5: api/tests/profile/email-uniqueness.spec.ts | K5: 待实现 | L5: 未执行
A6: AUT-PC-EML-003 | B6: 邮箱修改 | C6: 验证码绑定新邮箱且地址变化使旧挑战失效 | D6: P0 | E6: API | F6: 为邮箱A获取修改邮箱验证码 | G6: 邮箱A验证码；改为邮箱B；不同challengeId | H6: 1. 按前置数据/Mock创建独立测试数据，并读取操作前基线 2. 将参数化数据逐组执行：交叉提交保存 3. 收集接口响应、页面展示及持久化后的个人中心数据 4. 对照断言逐项校验，每组结束后还原Mock并清理测试数据 | I6: 验证码只对获取时邮箱和用途有效；地址变化后旧码不可用；不匹配不更新账号 | J6: api/tests/profile/email-code-binding.spec.ts | K6: 待实现 | L6: 未执行
A7: AUT-PC-EML-004 | B7: 邮箱修改 | C7: 验证码格式、有效期、错误次数与复用矩阵 | D7: P0 | E7: API | F7: 使用假时钟创建有效挑战 | G7: 六位/非数字/前导零；9:59/10:00后；错误1-5次；已消费 | H7: 1. 按前置数据/Mock创建独立测试数据，并读取操作前基线 2. 将参数化数据逐组执行：参数化校验并保存 3. 收集接口响应、页面展示及持久化后的个人中心数据 4. 对照断言逐项校验，每组结束后还原Mock并清理测试数据 | I7: 仅有效六位数字在有效期内首次消费成功；第五次错误后失效；已消费码不可复用 | J7: api/tests/profile/email-code-lifecycle.spec.ts | K7: 待实现 | L7: 未执行
A8: AUT-PC-EML-005 | B8: 邮箱修改 | C8: 发送限流与弹窗重开不能绕过倒计时 | D8: P0 | E8: 混合 | F8: 可控制时间与来源 | G8: 59秒/60秒；每小时第5/6次；来源总上限；关闭重开 | H8: 1. 按前置数据/Mock创建独立测试数据，并读取操作前基线 2. 将参数化数据逐组执行：发送验证码并切换弹窗状态 3. 收集接口响应、页面展示及持久化后的个人中心数据 4. 对照断言逐项校验，每组结束后还原Mock并清理测试数据 | I8: 边界按4.4规则限制；倒计时跨弹窗存在；更换地址不能绕过来源限制；窗口结束恢复 | J8: quiz-web/e2e/profile/email-code-rate-limit.spec.ts | K8: 待实现 | L8: 未执行
A9: AUT-PC-EML-006 | B9: 邮箱修改 | C9: 邮箱保存原子性与正式展示更新 | D9: P0 | E9: 混合 | F9: 可注入保存失败和刷新失败 | G9: 成功；账号更新失败；成功后档案刷新失败 | H9: 1. 按前置数据/Mock创建独立测试数据，并读取操作前基线 2. 将参数化数据逐组执行：提交邮箱并读取账号、挑战和页面 3. 收集接口响应、页面展示及持久化后的个人中心数据 4. 对照断言逐项校验，每组结束后还原Mock并清理测试数据 | I9: 只有账号更新与验证码消费共同成功才显示完成；失败保持旧邮箱；成功后正式值已生效，刷新失败可重载但不得回滚 | J9: api/tests/profile/email-update-atomicity.spec.ts | K9: 待实现 | L9: 未执行
A10: AUT-PC-EML-007 | B10: 邮箱修改 | C10: 邮箱保存防重复且不提交密码草稿 | D10: P0 | E10: 混合 | F10: 邮箱数据有效，密码区有未提交输入 | G10: 2/5次快速点击保存邮箱 | H10: 1. 按前置数据/Mock创建独立测试数据，并读取操作前基线 2. 将参数化数据逐组执行：并发提交并读取邮箱、密码、挑战 3. 收集接口响应、页面展示及持久化后的个人中心数据 4. 对照断言逐项校验，每组结束后还原Mock并清理测试数据 | I10: 最多一次邮箱修改成功；密码保持原值；验证码消费一次；弹窗仍允许后续独立密码操作 | J10: quiz-web/e2e/profile/email-idempotency.spec.ts | K10: 待实现 | L10: 未执行

Sheet 密码与会话
A1: 4.3 个人中心自动化测试用例｜密码与会话
A2: 来源：文档/4-需求文档/4.3 个人中心.md ｜ 范围：参数化规则、接口、安全、并发与故障注入 ｜ 密码与会话：6 条
A3: 用例编号 | B3: 功能模块 | C3: 用例标题 | D3: 优先级 | E3: 自动化层级 | F3: 前置数据/Mock | G3: 参数化测试数据 | H3: 自动化步骤 | I3: 断言 | J3: 建议脚本路径 | K3: 脚本状态 | L3: 执行状态 | M3: 是否通过 | N3: 缺陷等级 | O3: 实际结果 | P3: 备注 | Q3: 修复情况 | R3: 回归情况
A4: AUT-PC-PWD-001 | B4: 密码与会话 | C4: 当前密码、新密码策略和确认一致性矩阵 | D4: P1 | E4: API | F4: 账号与当前密码已知 | G4: 当前密码空/错；新旧相同；7/8/12/13位；缺字母/数字；非法字符；确认不一致 | H4: 1. 按前置数据/Mock创建独立测试数据，并读取操作前基线 2. 将参数化数据逐组执行：参数化提交密码修改 3. 收集接口响应、页面展示及持久化后的个人中心数据 4. 对照断言逐项校验，每组结束后还原Mock并清理测试数据 | I4: 非法组合拒绝且密码和会话不变；仅满足8-12位、字母数字及允许字符并确认一致时通过 | J4: api/tests/profile/password-policy.spec.ts | K4: 待实现 | L4: 未执行
A5: AUT-PC-PWD-002 | B5: 密码与会话 | C5: 密码更新与全部会话撤销保持原子 | D5: P0 | E5: API | F5: 账号在多个设备登录，可注入撤销失败 | G5: 正常成功；撤销失败 | H5: 1. 按前置数据/Mock创建独立测试数据，并读取操作前基线 2. 将参数化数据逐组执行：提交密码修改并验证旧密码、新密码和各会话 3. 收集接口响应、页面展示及持久化后的个人中心数据 4. 对照断言逐项校验，每组结束后还原Mock并清理测试数据 | I5: 成功时新密码生效且全部旧会话失效；撤销失败时密码保持原值、会话保持原状态且不返回成功 | J5: api/tests/profile/password-atomicity.spec.ts | K5: 待实现 | L5: 未执行
A6: AUT-PC-PWD-003 | B6: 密码与会话 | C6: 并发修改密码最多产生一个成功结果 | D6: P0 | E6: API | F6: 准备有效密码修改请求 | G6: 2/5个相同并发请求 | H6: 1. 按前置数据/Mock创建独立测试数据，并读取操作前基线 2. 将参数化数据逐组执行：并发提交 3. 收集接口响应、页面展示及持久化后的个人中心数据 4. 对照断言逐项校验，每组结束后还原Mock并清理测试数据 | I6: 最多一个成功；最终密码唯一；旧会话只执行一次账号级撤销；其余返回冲突或旧凭证错误 | J6: api/tests/profile/password-concurrency.spec.ts | K6: 待实现 | L6: 未执行
A7: AUT-PC-PWD-004 | B7: 密码与会话 | C7: 网络或服务失败不改变密码与当前登录 | D7: P0 | E7: 混合 | F7: Mock请求超时、500及连接中断 | G7: 三种失败 | H7: 1. 按前置数据/Mock创建独立测试数据，并读取操作前基线 2. 将参数化数据逐组执行：在弹窗提交并随后访问私有接口 3. 收集接口响应、页面展示及持久化后的个人中心数据 4. 对照断言逐项校验，每组结束后还原Mock并清理测试数据 | I7: 页面保留可修正输入并允许重试；密码未改；当前会话仍有效；不错误跳登录 | J7: quiz-web/e2e/profile/password-failure.spec.ts | K7: 待实现 | L7: 未执行
A8: AUT-PC-PWD-005 | B8: 密码与会话 | C8: 密码已成功但跳转失败时仍禁止私有访问 | D8: P0 | E8: 混合 | F8: Mock密码修改成功、导航或页面刷新失败 | G8: 成功响应后前端跳转失败 | H8: 1. 按前置数据/Mock创建独立测试数据，并读取操作前基线 2. 将参数化数据逐组执行：提交后继续触发个人中心请求 3. 收集接口响应、页面展示及持久化后的个人中心数据 4. 对照断言逐项校验，每组结束后还原Mock并清理测试数据 | I8: 本地和服务端旧会话均视为失效；不得继续显示或写入私有数据；恢复后进入登录 | J8: quiz-web/e2e/profile/password-navigation-failure.spec.ts | K8: 待实现 | L8: 未执行
A9: AUT-PC-PWD-006 | B9: 密码与会话 | C9: 会话失效与普通业务错误严格区分 | D9: P0 | E9: 混合 | F9: 分别Mock过期/撤销/凭证异常及会员不足/网络错误 | G9: 认证失效3组；普通错误2组 | H9: 1. 按前置数据/Mock创建独立测试数据，并读取操作前基线 2. 将参数化数据逐组执行：在个人中心触发读取和保存 3. 收集接口响应、页面展示及持久化后的个人中心数据 4. 对照断言逐项校验，每组结束后还原Mock并清理测试数据 | I9: 认证失效统一清理并回首页且不循环恢复；普通错误停留当前节点、不清用户状态 | J9: quiz-web/e2e/profile/session-error-isolation.spec.ts | K9: 待实现 | L9: 未执行

Sheet 目标偏好
A1: 4.3 个人中心自动化测试用例｜目标偏好
A2: 来源：文档/4-需求文档/4.3 个人中心.md ｜ 范围：参数化规则、接口、安全、并发与故障注入 ｜ 目标偏好：6 条
A3: 用例编号 | B3: 功能模块 | C3: 用例标题 | D3: 优先级 | E3: 自动化层级 | F3: 前置数据/Mock | G3: 参数化测试数据 | H3: 自动化步骤 | I3: 断言 | J3: 建议脚本路径 | K3: 脚本状态 | L3: 执行状态 | M3: 是否通过 | N3: 缺陷等级 | O3: 实际结果 | P3: 备注 | Q3: 修复情况 | R3: 回归情况
A4: AUT-PC-GOL-001 | B4: 目标偏好 | C4: 目标偏好必填项参数矩阵 | D4: P1 | E4: API | F4: 进入目标编辑态 | G4: 目标考试/地区/院校/专业/月份分别为空 | H4: 1. 按前置数据/Mock创建独立测试数据，并读取操作前基线 2. 将参数化数据逐组执行：参数化保存 3. 收集接口响应、页面展示及持久化后的个人中心数据 4. 对照断言逐项校验，每组结束后还原Mock并清理测试数据 | I4: 每个缺失项返回明确校验错误；不形成部分保存；旧正式偏好保持 | J4: api/tests/profile/goal-required.spec.ts | K4: 待实现 | L4: 未执行
A5: AUT-PC-GOL-002 | B5: 目标偏好 | C5: 目标院校数量一至两所边界 | D5: P1 | E5: API | F5: 其他目标字段有效 | G5: 0/1/2/3所；重复院校；空白院校 | H5: 1. 按前置数据/Mock创建独立测试数据，并读取操作前基线 2. 将参数化数据逐组执行：参数化保存 3. 收集接口响应、页面展示及持久化后的个人中心数据 4. 对照断言逐项校验，每组结束后还原Mock并清理测试数据 | I5: 仅合法1-2所保存；超过两所、空白或无院校拒绝；保存顺序稳定 | J5: api/tests/profile/goal-schools.spec.ts | K5: 待实现 | L5: 未执行
A6: AUT-PC-GOL-003 | B6: 目标偏好 | C6: ESAT科目条件校验与TMUA独立 | D6: P0 | E6: 混合 | F6: 其他目标字段有效 | G6: 仅TMUA无ESAT科目；ESAT科目空；ESAT合法科目；未知科目 | H6: 1. 按前置数据/Mock创建独立测试数据，并读取操作前基线 2. 将参数化数据逐组执行：参数化保存并回显 3. 收集接口响应、页面展示及持久化后的个人中心数据 4. 对照断言逐项校验，每组结束后还原Mock并清理测试数据 | I6: 仅TMUA不要求ESAT科目；选择ESAT至少一科且仅允许规定科目；未知科目拒绝 | J6: api/tests/profile/goal-exam-subjects.spec.ts | K6: 待实现 | L6: 未执行 | P6: 当前实现可能错误要求TMUA填写ESAT科目，需优先锁定。
A7: AUT-PC-GOL-004 | B7: 目标偏好 | C7: 每周投入时长和考试月份边界 | D7: P1 | E7: API | F7: 其他目标字段有效 | G7: 9/10/50/51；小数/字符串；有效月份/过期或未知月份 | H7: 1. 按前置数据/Mock创建独立测试数据，并读取操作前基线 2. 将参数化数据逐组执行：参数化保存 3. 收集接口响应、页面展示及持久化后的个人中心数据 4. 对照断言逐项校验，每组结束后还原Mock并清理测试数据 | I7: 只接受10-50整数及当前提供月份；非法值不保存且返回字段级错误 | J7: api/tests/profile/goal-plan-boundary.spec.ts | K7: 待实现 | L7: 未执行
A8: AUT-PC-GOL-005 | B8: 目标偏好 | C8: STEP与历史兼容目标不产生权益 | D8: P0 | E8: API | F8: 准备STEP历史数据并构造新请求 | G8: 历史STEP；新选STEP；ESAT+TMUA | H8: 1. 按前置数据/Mock创建独立测试数据，并读取操作前基线 2. 将参数化数据逐组执行：读取、编辑并保存 3. 收集接口响应、页面展示及持久化后的个人中心数据 4. 对照断言逐项校验，每组结束后还原Mock并清理测试数据 | I8: 历史STEP可按兼容规则展示但不变为开放考试或会员；新请求不能选择STEP；目标选择不创建权益 | J8: api/tests/profile/goal-step-compat.spec.ts | K8: 待实现 | L8: 未执行
A9: AUT-PC-GOL-006 | B9: 目标偏好 | C9: 目标保存、取消、重读失败和并发一致性 | D9: P0 | E9: 混合 | F9: 存在旧目标，可注入保存/重读失败 | G9: 取消；保存失败；保存成功重读失败；2个并发保存 | H9: 1. 按前置数据/Mock创建独立测试数据，并读取操作前基线 2. 将参数化数据逐组执行：执行操作并查询正式值、草稿和档案卡 3. 收集接口响应、页面展示及持久化后的个人中心数据 4. 对照断言逐项校验，每组结束后还原Mock并清理测试数据 | I9: 取消不写入；失败无部分保存；成功后重读失败不回滚；并发最终仅一个完整版本生效；档案与目标卡最终一致 | J9: api/tests/profile/goal-atomicity.spec.ts | K9: 待实现 | L9: 未执行

Sheet 订阅汇总
A1: 4.3 个人中心自动化测试用例｜订阅汇总
A2: 来源：文档/4-需求文档/4.3 个人中心.md ｜ 范围：参数化规则、接口、安全、并发与故障注入 ｜ 订阅汇总：4 条
A3: 用例编号 | B3: 功能模块 | C3: 用例标题 | D3: 优先级 | E3: 自动化层级 | F3: 前置数据/Mock | G3: 参数化测试数据 | H3: 自动化步骤 | I3: 断言 | J3: 建议脚本路径 | K3: 脚本状态 | L3: 执行状态 | M3: 是否通过 | N3: 缺陷等级 | O3: 实际结果 | P3: 备注 | Q3: 修复情况 | R3: 回归情况
A4: AUT-PC-SUB-001 | B4: 订阅汇总 | C4: 累计订阅状态计数矩阵 | D4: P0 | E4: API | F4: 准备各支付订单状态 | G4: pending/paid/failed/closed/refunding/refunded | H4: 1. 按前置数据/Mock创建独立测试数据，并读取操作前基线 2. 将参数化数据逐组执行：读取订阅汇总 3. 收集接口响应、页面展示及持久化后的个人中心数据 4. 对照断言逐项校验，每组结束后还原Mock并清理测试数据 | I4: 累计订阅仅计paid、refunding、refunded；每个真实订单最多计一次；状态更新后结果同步 | J4: api/tests/profile/subscription-summary.spec.ts | K4: 待实现 | L4: 未执行
A5: AUT-PC-SUB-002 | B5: 订阅汇总 | C5: 当前权益按有效考试会员去重 | D5: P0 | E5: API | F5: 同考试准备多条权益及双考试组合 | G5: active/expired/cancelled；在线购买/后台授权；多条active | H5: 1. 按前置数据/Mock创建独立测试数据，并读取操作前基线 2. 将参数化数据逐组执行：读取当前权益数 3. 收集接口响应、页面展示及持久化后的个人中心数据 4. 对照断言逐项校验，每组结束后还原Mock并清理测试数据 | I5: 只计当前有效的考试类型；同考试不重复计数；后台授权计权益；管理员展示不依赖学生会员记录 | J5: api/tests/profile/current-entitlements.spec.ts | K5: 待实现 | L5: 未执行
A6: AUT-PC-SUB-003 | B6: 订阅汇总 | C6: 累计订单与完整列表不按固定50笔截断 | D6: P0 | E6: API | F6: 账号创建0、1、50、51、120笔真实订单 | G6: 不同数量及状态 | H6: 1. 按前置数据/Mock创建独立测试数据，并读取操作前基线 2. 将参数化数据逐组执行：读取汇总和记录列表 3. 收集接口响应、页面展示及持久化后的个人中心数据 4. 对照断言逐项校验，每组结束后还原Mock并清理测试数据 | I6: 累计订单等于全部在线订单；列表不被前端固定50条截断；分页或完整返回规则一致；后台授权不增加订单数 | J6: api/tests/profile/order-count.spec.ts | K6: 待实现 | L6: 未执行
A7: AUT-PC-SUB-004 | B7: 订阅汇总 | C7: 累计实付净额计算与退款状态 | D7: P0 | E7: API | F7: 准备已支付、退款中、已退款、失败订单及金额 | G7: 多币分金额组合 | H7: 1. 按前置数据/Mock创建独立测试数据，并读取操作前基线 2. 将参数化数据逐组执行：读取累计实付 3. 收集接口响应、页面展示及持久化后的个人中心数据 4. 对照断言逐项校验，每组结束后还原Mock并清理测试数据 | I7: 只计成功支付金额并扣除已退款金额；退款中未确认时不提前扣除；失败/待支付/关闭不计；结果不为负 | J7: api/tests/profile/net-paid.spec.ts | K7: 待实现 | L7: 未执行

Sheet 支付记录
A1: 4.3 个人中心自动化测试用例｜支付记录
A2: 来源：文档/4-需求文档/4.3 个人中心.md ｜ 范围：参数化规则、接口、安全、并发与故障注入 ｜ 支付记录：4 条
A3: 用例编号 | B3: 功能模块 | C3: 用例标题 | D3: 优先级 | E3: 自动化层级 | F3: 前置数据/Mock | G3: 参数化测试数据 | H3: 自动化步骤 | I3: 断言 | J3: 建议脚本路径 | K3: 脚本状态 | L3: 执行状态 | M3: 是否通过 | N3: 缺陷等级 | O3: 实际结果 | P3: 备注 | Q3: 修复情况 | R3: 回归情况
A4: AUT-PC-PAY-001 | B4: 支付记录 | C4: 统一筛选状态映射矩阵 | D4: P0 | E4: API | F4: 准备全订单及权益状态 | G4: 全部/进行中/已过期/支付失败/退款 | H4: 1. 按前置数据/Mock创建独立测试数据，并读取操作前基线 2. 将参数化数据逐组执行：逐筛选读取列表 3. 收集接口响应、页面展示及持久化后的个人中心数据 4. 对照断言逐项校验，每组结束后还原Mock并清理测试数据 | I4: 每个订单按4.3/4.9规则进入正确集合；进行中包含有效订阅和待支付；退款中与已退款只进退款；筛选不改状态 | J4: api/tests/profile/payment-filter.spec.ts | K4: 待实现 | L4: 未执行
A5: AUT-PC-PAY-002 | B5: 支付记录 | C5: 创建时间排序、字段缺失与记录来源 | D5: P1 | E5: 混合 | F5: 准备同时间、缺支付时间、无法匹配权益及后台授权 | G5: 升序/降序；paidAt空；membership缺失；授权无订单 | H5: 1. 按前置数据/Mock创建独立测试数据，并读取操作前基线 2. 将参数化数据逐组执行：切换排序并检查记录 3. 收集接口响应、页面展示及持久化后的个人中心数据 4. 对照断言逐项校验，每组结束后还原Mock并清理测试数据 | I5: 排序稳定；未支付时间和无法匹配周期显示-；后台授权不生成卡片；金额、币种、方式、订单号和状态真实 | J5: quiz-web/e2e/profile/payment-list.spec.ts | K5: 待实现 | L5: 未执行
A6: AUT-PC-PAY-003 | B6: 支付记录 | C6: 订单状态与可执行操作矩阵 | D6: P0 | E6: 混合 | F6: 准备待支付、失败、关闭、已支付无权益、有效订阅、退款中、已退款 | G6: 各状态记录 | H6: 1. 按前置数据/Mock创建独立测试数据，并读取操作前基线 2. 将参数化数据逐组执行：加载列表并尝试操作 3. 收集接口响应、页面展示及持久化后的个人中心数据 4. 对照断言逐项校验，每组结束后还原Mock并清理测试数据 | I6: 仅显示继续支付、重新支付、再次订阅、续费等对应操作；退款中/已退款不提供改变退款结果的操作；管理员无学生购买操作 | J6: quiz-web/e2e/profile/payment-actions.spec.ts | K6: 待实现 | L6: 未执行
A7: AUT-PC-PAY-004 | B7: 支付记录 | C7: 支付操作恢复原订单并保持页面上下文 | D7: P0 | E7: 混合 | F7: 存在筛选、排序和目标待支付订单 | G7: 待支付有效/已过期/已关闭；支付成功/失败/关闭 | H7: 1. 按前置数据/Mock创建独立测试数据，并读取操作前基线 2. 将参数化数据逐组执行：点击继续或重新支付并返回个人中心 3. 收集接口响应、页面展示及持久化后的个人中心数据 4. 对照断言逐项校验，每组结束后还原Mock并清理测试数据 | I7: 有效待支付恢复原订单和二维码；过期关闭转重新购买；成功刷新权益汇总列表；失败关闭保留筛选排序且不发放权益 | J7: quiz-web/e2e/profile/payment-resume.spec.ts | K7: 待实现 | L7: 未执行

Sheet 局部失败与一致性
A1: 4.3 个人中心自动化测试用例｜局部失败与一致性
A2: 来源：文档/4-需求文档/4.3 个人中心.md ｜ 范围：参数化规则、接口、安全、并发与故障注入 ｜ 局部失败与一致性：6 条
A3: 用例编号 | B3: 功能模块 | C3: 用例标题 | D3: 优先级 | E3: 自动化层级 | F3: 前置数据/Mock | G3: 参数化测试数据 | H3: 自动化步骤 | I3: 断言 | J3: 建议脚本路径 | K3: 脚本状态 | L3: 执行状态 | M3: 是否通过 | N3: 缺陷等级 | O3: 实际结果 | P3: 备注 | Q3: 修复情况 | R3: 回归情况
A4: AUT-PC-REC-001 | B4: 局部失败与一致性 | C4: 账号、权益、统计、网络和交易并行加载隔离 | D4: P0 | E4: 混合 | F4: 分别Mock五个区域成功、慢响应和失败 | G4: 单区失败/多区失败/乱序返回 | H4: 1. 按前置数据/Mock创建独立测试数据，并读取操作前基线 2. 将参数化数据逐组执行：进入页面并等待各请求 3. 收集接口响应、页面展示及持久化后的个人中心数据 4. 对照断言逐项校验，每组结束后还原Mock并清理测试数据 | I4: 每区独立加载与失败；成功数据不被空值覆盖；失败不会清除其他区域；乱序响应不产生跨区域覆盖 | J4: quiz-web/e2e/profile/partial-load.spec.ts | K4: 待实现 | L4: 未执行
A5: AUT-PC-REC-002 | B5: 局部失败与一致性 | C5: 重新加载只替换失败区域 | D5: P0 | E5: 混合 | F5: 一个区域失败，其余区域成功并存在用户交互状态 | G5: 交易失败；会员失败；统计失败 | H5: 1. 按前置数据/Mock创建独立测试数据，并读取操作前基线 2. 将参数化数据逐组执行：点击对应重试 3. 收集接口响应、页面展示及持久化后的个人中心数据 4. 对照断言逐项校验，每组结束后还原Mock并清理测试数据 | I5: 只重新请求并替换失败区域；不重置当前考试、目标草稿、交易筛选或已保存资料；不自动执行操作 | J5: quiz-web/e2e/profile/partial-retry.spec.ts | K5: 待实现 | L5: 未执行
A6: AUT-PC-REC-003 | B6: 局部失败与一致性 | C6: 目标、邮箱和支付成功后的局部刷新 | D6: P0 | E6: 混合 | F6: 监控各区域请求次数 | G6: 目标保存/邮箱保存/支付成功 | H6: 1. 按前置数据/Mock创建独立测试数据，并读取操作前基线 2. 将参数化数据逐组执行：分别完成操作 3. 收集接口响应、页面展示及持久化后的个人中心数据 4. 对照断言逐项校验，每组结束后还原Mock并清理测试数据 | I6: 只刷新受影响区域及必要依赖；其他区域请求和状态保持；支付成功同时更新方案、权益、汇总和记录 | J6: quiz-web/e2e/profile/targeted-refresh.spec.ts | K6: 待实现 | L6: 未执行
A7: AUT-PC-REC-004 | B7: 局部失败与一致性 | C7: 支付成功但页面刷新失败不回滚真实结果 | D7: P0 | E7: 混合 | F7: Mock支付履约成功、个人中心刷新失败 | G7: 支付成功后会员或交易接口失败 | H7: 1. 按前置数据/Mock创建独立测试数据，并读取操作前基线 2. 将参数化数据逐组执行：完成支付并重载页面 3. 收集接口响应、页面展示及持久化后的个人中心数据 4. 对照断言逐项校验，每组结束后还原Mock并清理测试数据 | I7: 不显示支付失败或撤回权益；失败区域给重试；重新加载后显示服务端真实已支付和权益状态 | J7: quiz-web/e2e/profile/payment-refresh-failure.spec.ts | K7: 待实现 | L7: 未执行
A8: AUT-PC-REC-005 | B8: 局部失败与一致性 | C8: 权益、角色与内容变化只影响对应范围 | D8: P0 | E8: API | F8: 准备双考试、进行中任务、历史结果及角色变化 | G8: 会员到期/取消/授权；学生转管理员；STEP历史 | H8: 1. 按前置数据/Mock创建独立测试数据，并读取操作前基线 2. 将参数化数据逐组执行：读取个人中心并触发新操作 3. 收集接口响应、页面展示及持久化后的个人中心数据 4. 对照断言逐项校验，每组结束后还原Mock并清理测试数据 | I8: 只更新对应考试；新操作用最新权限；进行中和历史不删除；管理员不购买；STEP不开放 | J8: api/tests/profile/context-change.spec.ts | K8: 待实现 | L8: 未执行
A9: AUT-PC-REC-006 | B9: 局部失败与一致性 | C9: 私有写入防越权、防重复与错误隔离 | D9: P0 | E9: API | F9: 准备其他用户ID、重复请求和普通业务失败 | G9: 邮箱/密码/目标/支付写入；并发2/5次；网络/会员不足 | H9: 1. 按前置数据/Mock创建独立测试数据，并读取操作前基线 2. 将参数化数据逐组执行：构造越权或重复请求 3. 收集接口响应、页面展示及持久化后的个人中心数据 4. 对照断言逐项校验，每组结束后还原Mock并清理测试数据 | I9: 服务端拒绝他人数据写入；重复操作最多一个业务结果；普通错误不撤销会话；认证失效后所有写入统一停止 | J9: api/tests/profile/write-security.spec.ts | K9: 待实现 | L9: 未执行
