Workbook

Sheet 测试说明
A1: 4.3 个人中心人工测试用例
A2: 本轮人工P0：按真实页面完成端到端业务动作，并核对个人中心操作前、未完成、正式交卷后和刷新后的统计变化。
A4: 文档版本 | B4: V1.1 | D4: 生成日期 | E4: 46243 | G4: 用例总数 | H4: =SUM(B10:B17) -> 33
A5: 需求来源 | B5: 文档/4-需求文档/4.3 个人中心.md | G5: 默认状态 | H5: 未执行
A6: 关联规则 | B6: 4.2会员权益、4.4登录注册、4.8诊断测试、4.9支付、4.12练习册；专项规则优先。
A8: 模块覆盖统计
A9: 模块 | B9: 用例数 | C9: P0 | D9: 未执行 | E9: 是否通过-是 | F9: 是否通过-否 | G9: 严重缺陷 | H9: 已完成修复 | I9: 回归通过
A10: 访问与档案 | B10: =COUNTA(访问与档案!$A$4:$A$6) -> 3 | C10: =COUNTIF(访问与档案!$D$4:$D$6,"P0") -> 3 | D10: =COUNTIF(访问与档案!$J$4:$J$6,"未执行") -> 0 | E10: =COUNTIF(访问与档案!$K$4:$K$6,"是") -> 2 | F10: =COUNTIF(访问与档案!$K$4:$K$6,"否") -> 1 | G10: =COUNTIF(访问与档案!$L$4:$L$6,"阻塞")+COUNTIF(访问与档案!$L$4:$L$6,"高") -> 0 | H10: =COUNTIF(访问与档案!$O$4:$O$6,"已完成") -> 0 | I10: =COUNTIF(访问与档案!$P$4:$P$6,"通过") -> 0
A11: 会员与学习 | B11: =COUNTA(会员与学习!$A$4:$A$13) -> 10 | C11: =COUNTIF(会员与学习!$D$4:$D$13,"P0") -> 10 | D11: =COUNTIF(会员与学习!$J$4:$J$13,"未执行") -> 1 | E11: =COUNTIF(会员与学习!$K$4:$K$13,"是") -> 4 | F11: =COUNTIF(会员与学习!$K$4:$K$13,"否") -> 5 | G11: =COUNTIF(会员与学习!$L$4:$L$13,"阻塞")+COUNTIF(会员与学习!$L$4:$L$13,"高") -> 0 | H11: =COUNTIF(会员与学习!$O$4:$O$13,"已完成") -> 0 | I11: =COUNTIF(会员与学习!$P$4:$P$13,"通过") -> 0
A12: 邮箱修改 | B12: =COUNTA(邮箱修改!$A$4:$A$7) -> 4 | C12: =COUNTIF(邮箱修改!$D$4:$D$7,"P0") -> 4 | D12: =COUNTIF(邮箱修改!$J$4:$J$7,"未执行") -> 0 | E12: =COUNTIF(邮箱修改!$K$4:$K$7,"是") -> 4 | F12: =COUNTIF(邮箱修改!$K$4:$K$7,"否") -> 0 | G12: =COUNTIF(邮箱修改!$L$4:$L$7,"阻塞")+COUNTIF(邮箱修改!$L$4:$L$7,"高") -> 0 | H12: =COUNTIF(邮箱修改!$O$4:$O$7,"已完成") -> 0 | I12: =COUNTIF(邮箱修改!$P$4:$P$7,"通过") -> 0
A13: 密码与会话 | B13: =COUNTA(密码与会话!$A$4:$A$8) -> 5 | C13: =COUNTIF(密码与会话!$D$4:$D$8,"P0") -> 5 | D13: =COUNTIF(密码与会话!$J$4:$J$8,"未执行") -> 1 | E13: =COUNTIF(密码与会话!$K$4:$K$8,"是") -> 4 | F13: =COUNTIF(密码与会话!$K$4:$K$8,"否") -> 0 | G13: =COUNTIF(密码与会话!$L$4:$L$8,"阻塞")+COUNTIF(密码与会话!$L$4:$L$8,"高") -> 0 | H13: =COUNTIF(密码与会话!$O$4:$O$8,"已完成") -> 0 | I13: =COUNTIF(密码与会话!$P$4:$P$8,"通过") -> 0
A14: 目标偏好 | B14: =COUNTA(目标偏好!$A$4:$A$7) -> 4 | C14: =COUNTIF(目标偏好!$D$4:$D$7,"P0") -> 4 | D14: =COUNTIF(目标偏好!$J$4:$J$7,"未执行") -> 0 | E14: =COUNTIF(目标偏好!$K$4:$K$7,"是") -> 4 | F14: =COUNTIF(目标偏好!$K$4:$K$7,"否") -> 0 | G14: =COUNTIF(目标偏好!$L$4:$L$7,"阻塞")+COUNTIF(目标偏好!$L$4:$L$7,"高") -> 0 | H14: =COUNTIF(目标偏好!$O$4:$O$7,"已完成") -> 0 | I14: =COUNTIF(目标偏好!$P$4:$P$7,"通过") -> 0
A15: 订阅汇总 | B15: =COUNTA(订阅汇总!$A$4:$A$5) -> 2 | C15: =COUNTIF(订阅汇总!$D$4:$D$5,"P0") -> 2 | D15: =COUNTIF(订阅汇总!$J$4:$J$5,"未执行") -> 2 | E15: =COUNTIF(订阅汇总!$K$4:$K$5,"是") -> 0 | F15: =COUNTIF(订阅汇总!$K$4:$K$5,"否") -> 0 | G15: =COUNTIF(订阅汇总!$L$4:$L$5,"阻塞")+COUNTIF(订阅汇总!$L$4:$L$5,"高") -> 0 | H15: =COUNTIF(订阅汇总!$O$4:$O$5,"已完成") -> 0 | I15: =COUNTIF(订阅汇总!$P$4:$P$5,"通过") -> 0
A16: 支付记录 | B16: =COUNTA(支付记录!$A$4:$A$5) -> 2 | C16: =COUNTIF(支付记录!$D$4:$D$5,"P0") -> 2 | D16: =COUNTIF(支付记录!$J$4:$J$5,"未执行") -> 2 | E16: =COUNTIF(支付记录!$K$4:$K$5,"是") -> 0 | F16: =COUNTIF(支付记录!$K$4:$K$5,"否") -> 0 | G16: =COUNTIF(支付记录!$L$4:$L$5,"阻塞")+COUNTIF(支付记录!$L$4:$L$5,"高") -> 0 | H16: =COUNTIF(支付记录!$O$4:$O$5,"已完成") -> 0 | I16: =COUNTIF(支付记录!$P$4:$P$5,"通过") -> 0
A17: 局部失败与一致性 | B17: =COUNTA(局部失败与一致性!$A$4:$A$6) -> 3 | C17: =COUNTIF(局部失败与一致性!$D$4:$D$6,"P0") -> 3 | D17: =COUNTIF(局部失败与一致性!$J$4:$J$6,"未执行") -> 3 | E17: =COUNTIF(局部失败与一致性!$K$4:$K$6,"是") -> 0 | F17: =COUNTIF(局部失败与一致性!$K$4:$K$6,"否") -> 0 | G17: =COUNTIF(局部失败与一致性!$L$4:$L$6,"阻塞")+COUNTIF(局部失败与一致性!$L$4:$L$6,"高") -> 0 | H17: =COUNTIF(局部失败与一致性!$O$4:$O$6,"已完成") -> 0 | I17: =COUNTIF(局部失败与一致性!$P$4:$P$6,"通过") -> 0
A18: 合计 | B18: =SUM(B10:B17) -> 33 | C18: =SUM(C10:C17) -> 33 | D18: =SUM(D10:D17) -> 9 | E18: =SUM(E10:E17) -> 18 | F18: =SUM(F10:F17) -> 6 | G18: =SUM(G10:G17) -> 0 | H18: =SUM(H10:H17) -> 0 | I18: =SUM(I10:I17) -> 0
A20: 使用说明
A21: 执行方式 | B21: 使用真实浏览器严格按编号步骤执行；涉及统计时必须先记录基线，再完成业务动作并返回个人中心核对增量。
A22: 数据准备 | B22: 准备访客、免费学生、各考试会员、管理员、真实邮箱、多设备会话及多状态订单。
A23: 判定原则 | B23: 关键步骤全部符合预期才选择是否通过=是。
A24: 缺陷记录 | B24: 未通过时填写缺陷等级与实际结果；修复后补充修复情况和回归情况。
A25: 自动化分工 | B25: 输入格式、数值边界、限流阈值、并发、越权和故障注入不在人工表重复展开。

Sheet 访问与档案
A1: 4.3 个人中心人工测试用例｜访问与档案
A2: 来源：文档/4-需求文档/4.3 个人中心.md ｜ 范围：P0页面操作、用户旅程与可见结果 ｜ 访问与档案：3 条
A3: 用例编号 | B3: 功能模块 | C3: 用例标题 | D3: 优先级 | E3: 用例类型 | F3: 前置条件 | G3: 测试数据 | H3: 操作步骤 | I3: 预期结果 | J3: 执行状态 | K3: 是否通过 | L3: 缺陷等级 | M3: 实际结果 | N3: 备注 | O3: 修复情况 | P3: 回归情况
A4: PC-PRO-001 | B4: 访问与档案 | C4: 未登录访问个人中心完成登录后回跳 | D4: P0 | E4: 权限 | F4: 当前浏览器未登录 | G4: 目标：/profile | H4: 1. 清除当前浏览器登录状态并访问个人中心入口 2. 确认页面先进入登录页且未展示个人资料 3. 输入有效账号和密码完成登录 4. 确认登录成功后自动返回个人中心 5. 刷新页面并使用浏览器返回、前进各一次，核对不再出现登录表单 | I4: 认证前不展示任何个人资料；登录成功后回到个人中心；浏览器返回不再次落入登录表单。 | J4: 失败 | K4: 否 | M4: =_xlfn.DISPIMG("ID_47413B0F0DED4B26BEAB20F36F5678FD",1) -> =DISPIMG("ID_47413B0F0DED4B26BEAB20F36F5678FD",1) | N4: 登陆成功后，返回了首页而非个人中心
A5: PC-PRO-002 | B5: 访问与档案 | C5: 学生查看自己的档案与当前网络信息 | D5: P0 | E5: 功能 | F5: 学生已登录，账号存在邮箱、目标院校和有效会话 | G5: 普通网络；本地127.0.0.1；无法解析地区 | H5: 1. 登录指定学生账号并记录账号中的用户名、邮箱、目标院校和有效会员 2. 从头像菜单进入个人中心 3. 自上而下核对档案卡的用户名、邮箱、目标院校和会员标签 4. 核对当前会话IP与位置文案 5. 分别在普通网络、本地回环和无法解析地区的环境刷新档案卡 6. 确认页面只显示当前会话网络信息 | I5: 展示本人用户名、邮箱、目标院校、会员标签、地区和IP；本地显示“本地网络”；无法解析显示“位置暂不可用”；无头像使用用户名首字。 | J5: 通过 | K5: 是
A6: PC-PRO-003 | B6: 访问与档案 | C6: 管理员进入自己的个人中心并保持管理员边界 | D6: P0 | E6: 权限 | F6: 管理员已登录 | G6: 管理员账号 | H6: 1. 使用管理员账号登录 2. 从头像菜单进入个人中心 3. 核对档案、目标、会员和交易区域均属于当前管理员账号 4. 核对管理员权益、全部试卷解锁和后台入口 5. 逐一检查会员卡与订单卡操作区 6. 尝试点击可能出现的购买入口并确认不能进入学生购买流程 | I6: 仅展示管理员自己的资料和记录；显示管理员权益及后台入口；不显示学生购买、续费或重新订阅操作。 | J6: 通过 | K6: 是 | N6: 当前实现可能仍显示购买入口，若复现应登记缺陷。

Sheet 会员与学习
A1: 4.3 个人中心人工测试用例｜会员与学习
A2: 来源：文档/4-需求文档/4.3 个人中心.md ｜ 范围：P0页面操作、用户旅程与可见结果 ｜ 会员与学习：6 条
A3: 用例编号 | B3: 功能模块 | C3: 用例标题 | D3: 优先级 | E3: 用例类型 | F3: 前置条件 | G3: 测试数据 | H3: 操作步骤 | I3: 预期结果 | J3: 执行状态 | K3: 是否通过 | L3: 缺陷等级 | M3: 实际结果 | N3: 备注 | O3: 修复情况 | P3: 回归情况
A4: PC-MEM-001 | B4: 会员与学习 | C4: 按目标偏好、有效会员和默认顺序建立当前考试 | D4: P0 | E4: 流程 | F4: 分别准备有开放目标、仅有有效会员、两者均无的学生 | G4: 组1：目标首项TMUA 组2：仅ESAT会员 组3：无目标无会员 | H4: 1. 使用组1账号进入个人中心，记录保存目标中的首个开放考试并核对当前考试 2. 使用组2账号进入个人中心，核对当前考试取唯一有效会员考试 3. 使用组3账号进入个人中心，核对当前考试取默认开放考试 4. 每组分别查看方案、统计和购买入口是否使用同一考试 5. 若目标中包含STEP，确认STEP不会成为当前考试 | I4: 依次选择目标中首个开放考试、有效会员考试、默认开放考试；STEP不被选为当前考试。 | J4: 失败 | K4: 否 | M4: =_xlfn.DISPIMG("ID_67998EB318244335BECA27CFA0A20FC1",1) -> =DISPIMG("ID_67998EB318244335BECA27CFA0A20FC1",1) | N4: 无论是tmua、esat免费版还是月度会员版，框红部分不能相应自动匹配，需要手动选择
A5: PC-MEM-002 | B5: 会员与学习 | C5: 切换ESAT与TMUA时会员和学习数据保持隔离 | D5: P0 | E5: 功能 | F5: 学生仅有TMUA会员，两类考试均有不同统计 | G5: TMUA会员；ESAT免费 | H5: 1. 登录仅有TMUA会员且ESAT、TMUA均有学习记录的学生 2. 在会员卡选择TMUA，记录套餐、到期时间、试题库数量、诊断次数、预估分和累计做题量 3. 切换到ESAT并记录同一组字段 4. 再切回TMUA，核对原TMUA数据完整恢复 5. 打开目标偏好卡，确认临时切换没有修改已保存目标考试 6. 对比两组数值，确认不存在跨考试串值 | I5: TMUA显示有效方案及自身统计；ESAT显示免费状态及自身统计；到期时间、分数、做题量和购买状态不串用；目标偏好不被改写。 | J5: 通过 | K5: 是
A6: PC-MEM-003 | B6: 会员与学习 | C6: 免费用户无诊断记录时进入开始诊断分支 | D6: P0 | E6: 流程 | F6: 当前考试无会员且无正式诊断记录 | G6: 当前考试：ESAT或TMUA | H6: 1. 登录当前考试无会员且无正式诊断记录的学生 2. 进入个人中心并记录诊断次数和预估分 3. 核对主按钮为“开始诊断” 4. 点击“开始诊断”，确认进入诊断测试中心 5. 不开始试卷直接返回个人中心并刷新 6. 核对诊断次数、预估分和主按钮均未提前变化 | I6: 进入诊断测试中心；个人中心不提前创建测试；目标功能按最新试卷和权益再次校验。 | J6: 通过 | K6: 是
A7: PC-MEM-004 | B7: 会员与学习 | C7: 免费用户已有诊断记录时进入开通会员分支 | D7: P0 | E7: 流程 | F7: 当前考试无会员但已有正式诊断记录 | G7: 当前考试：ESAT或TMUA | H7: 1. 登录当前考试无会员但已有正式诊断记录的学生 2. 进入个人中心并记录当前方案、诊断次数和统计值 3. 核对主按钮为“开通会员” 4. 点击“开通会员”并核对支付弹窗预选当前考试 5. 关闭支付弹窗后重新打开一次 6. 模拟支付关闭或失败并返回个人中心 7. 核对会员、统计和原考试上下文均未提前改变 | I7: 打开统一支付弹窗并预选当前考试；关闭或支付失败后仍停留原考试状态，不提前显示会员生效。 | J7: 失败 | K7: 否 | M7: =_xlfn.DISPIMG("ID_D1AA3D6E47284BDEBF7FC7EFEC8DE564",1) -> =DISPIMG("ID_D1AA3D6E47284BDEBF7FC7EFEC8DE564",1) | N7: 1、已有esat诊断记录，但个人中心未同步。 2、免费用户个人中心的主按钮为开始诊断，而非开通会员
A8: PC-MEM-005 | B8: 会员与学习 | C8: 有效会员续费与管理员只读权益展示正确 | D8: P0 | E8: 权限 | F8: 准备有效学生会员和管理员 | G8: 学生有效会员；管理员账号 | H8: 1. 使用有效会员学生进入个人中心 2. 核对套餐名称、到期时间、全部试卷已解锁和“续费会员” 3. 点击续费并核对支付弹窗考试类型 4. 关闭弹窗，改用管理员账号进入个人中心 5. 核对管理员权益和全部试卷已解锁 6. 确认管理员页面没有购买、续费或重新订阅入口 | I8: 会员学生显示套餐、到期时间、全部试卷解锁和续费入口；管理员显示管理员权益且不能进入购买分支。 | J8: 失败 | K8: 否 | M8: =_xlfn.DISPIMG("ID_4661F66DB5104A288AE62B82163578FB",1) -> =DISPIMG("ID_4661F66DB5104A288AE62B82163578FB",1) | N8: 目前测试不了会员功能
A9: PC-MEM-006 | B9: 会员与学习 | C9: 学习摘要、零值、预估分和STEP占位展示正确 | D9: P0 | E9: 功能 | F9: 准备有记录、真实零值和无有效诊断分的账号 | G9: 题库答题量、诊断次数、累计做题量；STEP；资料下载 | H9: 1. 为当前考试准备真实零值、已有记录和无有效诊断分数三类账号 2. 分别进入个人中心，定位当前会员权益卡的试题库、诊断考试、资料下载和当前学习 3. 将页面数值与准备数据逐项核对 4. 点击资料下载并核对只显示“功能上线中” 5. 点击STEP并核对只提示尚未开放且当前考试不变 6. 刷新页面，确认真实0、未知状态和“--”没有互相替代 | I9: 各统计按真实口径展示；真实0可显示0，未知不伪装0；无分数显示“--”；资料下载显示“功能上线中”；STEP只提示推进中且不改变当前考试。 | J9: 通过 | K9: 是
A10: PC-MEM-007 | B10: 会员与学习 | C10: 完成一套诊断后诊断次数、预估分和主按钮同步更新 | D10: P0 | E10: 流程 | F10: 免费学生已登录；当前考试无进行中诊断；准备一套已上线免费诊断卷 | G10: 操作前基线：试题库P、诊断次数D、预估分S、累计做题量Q | H10: 1. 进入个人中心选择目标考试，记录P、D、S、Q及主按钮 2. 点击“开始诊断”并开始一套免费诊断卷 3. 完成部分题目后保存并返回个人中心 4. 刷新会员卡，核对P、D、S、Q均未变化 5. 返回诊断中心继续同一场测试并完成正式交卷 6. 在提交成功、报告仍生成中的状态返回个人中心 7. 刷新当前会员权益卡并重新记录P、D、S、Q和主按钮 8. 再次刷新页面确认结果持久化 | I10: 保存或退出但未正式交卷时统计不变；正式交卷成功后诊断考试显示D+1，预估分显示本次真实成绩，试题库仍为P，累计做题量按本次正式诊断记录更新；免费用户主按钮由“开始诊断”变为“开通会员”；报告生成中不影响次数增加，刷新后不回退。 | J10: 失败 | K10: 否 | N10: 已完成一次esat诊断，但个人中心未记录，主按钮未变成开通会员
A11: PC-MEM-008 | B11: 会员与学习 | C11: 同一诊断卷重新测试后每次正式交卷独立累计 | D11: P0 | E11: 流程 | F11: 学生已完成目标考试的一套诊断；该试卷仍在线并允许重新测试 | G11: 操作前基线：诊断次数D、最新预估分S、历次记录H | H11: 1. 进入个人中心记录D和S 2. 从诊断中心打开该试卷历次记录并记录H 3. 点击重新测试，确认新测试为空白进度 4. 完成第二次测试并正式交卷 5. 在报告生成中或分析失败状态返回个人中心 6. 核对诊断次数和最新预估分 7. 返回历次记录核对两次测试均保留 8. 刷新个人中心再次核对 | I11: 第二次正式交卷后诊断次数显示D+1；预估分更新为第二次真实成绩；历次记录显示H+1且第一次成绩未被覆盖；报告生成成功、生成中或分析失败都不改变已完成次数。 | J11: 失败 | K11: 否 | M11: 1、没找到在哪同一套试卷重新测试 2、测试完依旧问题和上述一样，个人中心的D未变动，历史记录不知道从何查看H+1
A12: PC-MEM-009 | B12: 会员与学习 | C12: 题库练习未交卷不计数、正式交卷后按整套题量增加 | D12: P0 | E12: 流程 | F12: 学生已登录；当前考试无未交卷练习；免费剩余额度不少于5题或具有有效会员 | G12: 生成5题；作答2题、留3题未答；操作前试题库P、诊断次数D、累计做题量Q | H12: 1. 进入个人中心选择目标考试，记录当前会员权益中的P、D、Q 2. 从试题库选择一个可生成5题的专项并开始练习 3. 作答2题、保留3题未答，保存并退出但不正式交卷 4. 返回个人中心刷新，核对P、D、Q均未增加 5. 回到练习继续同一份记录并执行正式交卷 6. 交卷成功后返回个人中心并刷新会员卡 7. 核对试题库、诊断考试和当前学习数值 8. 退出后重新登录再核对一次 | I12: 未正式交卷时P、D、Q不变；正式交卷后本次5题全部计入，试题库显示P+5，当前学习累计做题量显示Q+5，诊断次数仍为D；未作答题同样计入；重新登录后数值保持。 | J12: 通过 | K12: 是 | N12: 依据4.12：正式交卷后整套题量计入，未作答题也计入 1、
A13: PC-MEM-010 | B13: 会员与学习 | C13: 练习或诊断交卷失败重试后统计只增加一次 | D13: P0 | E13: 异常 | F13: 可在练习和诊断最终交卷时制造网络失败或成功响应丢失 | G13: 场景A：5题练习；场景B：1场诊断；各自记录P、D、Q基线 | H13: 1. 进入个人中心记录目标考试P、D、Q 2. 开始场景A或B并完成到最终交卷节点 3. 提交时断网或模拟成功响应丢失，记录页面提示 4. 返回或另开标签查看个人中心，确认失败前没有错误增量 5. 恢复网络并在原记录上点击重试，不新建练习或诊断 6. 交卷成功后返回个人中心刷新 7. 连续刷新并重新登录，核对最终增量 8. 用另一场景重复步骤1—7 | I13: 明确失败且服务端未落库时统计不增加；成功响应丢失时重试恢复同一正式记录；最终练习只使试题库和累计做题量按题量增加一次，诊断只使诊断次数增加一次并更新真实分数；不得重复累计。 | J13: 未执行 | M13: 不会制造网络失败

Sheet 邮箱修改
A1: 4.3 个人中心人工测试用例｜邮箱修改
A2: 来源：文档/4-需求文档/4.3 个人中心.md ｜ 范围：P0页面操作、用户旅程与可见结果 ｜ 邮箱修改：4 条
A3: 用例编号 | B3: 功能模块 | C3: 用例标题 | D3: 优先级 | E3: 用例类型 | F3: 前置条件 | G3: 测试数据 | H3: 操作步骤 | I3: 预期结果 | J3: 执行状态 | K3: 是否通过 | L3: 缺陷等级 | M3: 实际结果 | N3: 备注 | O3: 修复情况 | P3: 回归情况
A4: PC-EML-001 | B4: 邮箱修改 | C4: 修改信息弹窗每次打开为空且关闭清理草稿 | D4: P0 | E4: 流程 | F4: 学生已登录 | G4: 填写新邮箱、验证码及密码字段后关闭 | H4: 1. 打开“修改信息”弹窗并确认五个输入框均为空 2. 在邮箱区和密码区分别输入草稿 3. 依次使用关闭按钮、遮罩和Esc关闭弹窗，每次重新打开 4. 核对所有未保存输入均被清空 5. 获取一次邮箱验证码后立即关闭并重开弹窗 6. 核对发送倒计时继续运行且不能通过重开绕过 | I4: 五个输入均为空，当前邮箱仅在说明文字显示；未保存内容不回显；已开始的验证码倒计时仍遵守等待时间。 | J4: 通过 | K4: 是
A5: PC-EML-002 | B5: 邮箱修改 | C5: 接收真实验证码并成功更新邮箱 | D5: P0 | E5: 功能 | F5: 准备未占用且可收信的新邮箱 | G5: 新邮箱：profile.new@example.com | H5: 1. 打开修改信息弹窗并输入未占用的新邮箱 2. 点击获取验证码并记录倒计时 3. 到真实邮箱查收本次六位验证码 4. 返回弹窗输入验证码并点击保存邮箱 5. 等待成功提示，核对档案卡和弹窗当前邮箱立即更新 6. 保持弹窗打开并再次提交旧验证码，确认不能复用 7. 刷新个人中心，核对新邮箱仍生效 | I5: 邮件到达；保存成功后档案卡和弹窗当前邮箱立即更新；验证码失效；弹窗保持打开。 | J5: 通过 | K5: 是
A6: PC-EML-003 | B6: 邮箱修改 | C6: 邮箱冲突或验证码异常时保留可修正输入 | D6: P0 | E6: 异常 | F6: 准备已占用邮箱、错误码或过期码 | G6: 已占用邮箱；错误验证码；过期验证码 | H6: 1. 记录档案卡当前邮箱并打开修改信息弹窗 2. 输入已被其他账号占用的邮箱并尝试获取或保存 3. 改用未占用邮箱获取验证码，分别输入错误码和过期码保存 4. 每次失败后核对具体提示及输入保留情况 5. 关闭弹窗并刷新个人中心 6. 核对档案卡始终显示原邮箱且没有形成部分更新 | I6: 页面说明具体原因且不更新正式邮箱；仍可修正的输入保留；档案卡继续显示旧邮箱。 | J6: 通过 | K6: 是
A7: PC-EML-004 | B7: 邮箱修改 | C7: 修改邮箱后可以继续单独修改密码 | D7: P0 | E7: 流程 | F7: 新邮箱已在当前弹窗保存成功 | G7: 正确当前密码与合法新密码 | H7: 1. 在修改信息弹窗中完成邮箱修改并保持弹窗打开 2. 核对档案卡与弹窗均显示新邮箱 3. 在密码区输入正确当前密码、合法新密码和确认密码 4. 点击修改密码并等待结果 5. 核对邮箱没有回退或被重复保存 6. 核对密码成功后的退出登录和重新登录流程 | I7: 邮箱保持新值；密码流程独立提交；未完成的另一项不会被顺带保存；密码成功后按密码流程退出登录。 | J7: 通过 | K7: 是

Sheet 密码与会话
A1: 4.3 个人中心人工测试用例｜密码与会话
A2: 来源：文档/4-需求文档/4.3 个人中心.md ｜ 范围：P0页面操作、用户旅程与可见结果 ｜ 密码与会话：5 条
A3: 用例编号 | B3: 功能模块 | C3: 用例标题 | D3: 优先级 | E3: 用例类型 | F3: 前置条件 | G3: 测试数据 | H3: 操作步骤 | I3: 预期结果 | J3: 执行状态 | K3: 是否通过 | L3: 缺陷等级 | M3: 实际结果 | N3: 备注 | O3: 修复情况 | P3: 回归情况
A4: PC-PWD-001 | B4: 密码与会话 | C4: 密码输入异常时停留弹窗并保持登录 | D4: P0 | E4: 异常 | F4: 学生已登录并打开修改信息 | G4: 当前密码错误；新旧相同；确认密码不一致 | H4: 1. 登录后打开修改信息弹窗并进入密码区 2. 输入错误当前密码后提交，记录提示和登录状态 3. 改用与旧密码相同的新密码提交 4. 再输入不一致的确认密码提交 5. 每次失败后核对弹窗停留、账号未退出且可继续修改 6. 使用原密码重新验证仍可登录 | I4: 显示可理解原因；密码不变且会话不撤销；用户可在弹窗内修正。 | J4: 通过 | K4: 是
A5: PC-PWD-002 | B5: 密码与会话 | C5: 成功修改密码后所有旧会话失效并重新登录 | D5: P0 | E5: 安全 | F5: 同一账号在浏览器A、B登录 | G5: A修改为New12345 | H5: 1. 同一账号分别在浏览器A和浏览器B登录并打开个人中心 2. 在浏览器A使用正确当前密码修改为新密码 3. 核对A显示成功提示并进入登录页 4. 在A、B刷新个人中心并尝试任一私有操作 5. 核对两个旧会话均失效 6. 分别用旧密码和新密码登录，核对只有新密码成功 | I5: A提示密码已修改并进入登录页；A、B旧会话均失效；旧密码不能登录，新密码可建立新会话。 | J5: 通过 | K5: 是
A6: PC-PWD-003 | B6: 密码与会话 | C6: 密码请求失败时原密码和登录状态保持 | D6: P0 | E6: 异常 | F6: 模拟网络或服务失败 | G6: 合法密码修改数据 | H6: 1. 记录当前登录状态并打开密码修改区域 2. 输入一组合法密码修改数据 3. 在提交时制造断网、超时或服务失败 4. 核对页面未显示成功、弹窗保留可重试状态且账号未退出 5. 恢复服务后使用旧密码验证仍有效 6. 重新提交一次并核对只产生最终一次成功结果 | I6: 失败不显示成功、不撤销会话、不改变密码；弹窗保留可修正输入并允许重试。 | J6: 通过 | K6: 是
A7: PC-PWD-004 | B7: 密码与会话 | C7: 快速重复点击只产生一次密码修改结果 | D7: P0 | E7: 安全 | F7: 密码数据有效，响应可延迟 | G7: 连续快速点击修改密码 | H7: 1. 打开修改信息弹窗并输入合法密码修改数据 2. 在响应返回前连续快速点击主按钮5次 3. 观察按钮是否进入处理中并禁止继续提交 4. 等待最终响应和跳转 5. 使用候选新密码登录并确认只有一个密码结果有效 6. 核对只出现一次成功提示和一次登录跳转 | I7: 按钮进入处理中并禁用；最终最多产生一次修改和一次跳转，不出现两个密码结果。 | J7: 通过 | K7: 是
A8: PC-PWD-005 | B8: 密码与会话 | C8: 个人中心会话失效后停止全部私有操作 | D8: P0 | E8: 安全 | F8: 个人中心已打开，模拟会话过期或撤销 | G8: 尝试保存邮箱、密码、目标或发起支付 | H8: 1. 打开个人中心后使当前会话过期或被撤销 2. 分别尝试保存邮箱、修改密码、保存目标和发起支付中的一项 3. 核对出现统一登录失效提示并停止写入 4. 核对私有资料被清理并返回公开首页或登录流程 5. 重新登录后制造普通会员不足或网络错误 6. 核对普通业务错误只停留当前流程，不会再次清除登录状态 | I8: 显示统一登录失效提示，清除认证和私有内容并回公开首页；所有写入停止；普通业务错误不会触发退出。 | J8: 未执行 | M8: 不会使会话过期或被撤销

Sheet 目标偏好
A1: 4.3 个人中心人工测试用例｜目标偏好
A2: 来源：文档/4-需求文档/4.3 个人中心.md ｜ 范围：P0页面操作、用户旅程与可见结果 ｜ 目标偏好：4 条
A3: 用例编号 | B3: 功能模块 | C3: 用例标题 | D3: 优先级 | E3: 用例类型 | F3: 前置条件 | G3: 测试数据 | H3: 操作步骤 | I3: 预期结果 | J3: 执行状态 | K3: 是否通过 | L3: 缺陷等级 | M3: 实际结果 | N3: 备注 | O3: 修复情况 | P3: 回归情况
A4: PC-GOL-001 | B4: 目标偏好 | C4: 无目标偏好时显示真实空态并可进入编辑 | D4: P0 | E4: 功能 | F4: 账号从未保存目标偏好 | G4: 无地区、院校、专业、考试、科目和计划 | H4: 1. 使用从未保存目标偏好的账号进入个人中心 2. 核对档案和目标卡明确显示未设置，不出现示例地区、院校或专业 3. 点击编辑并核对表单从空白草稿开始 4. 不填写内容点击取消 5. 核对返回查看态且仍为未设置状态 6. 刷新页面确认没有产生正式目标 | I4: 查看态明确显示未设置，不使用示例数据；编辑态从空白草稿开始。 | J4: 通过 | K4: 是 | N4: 当前实现可能使用示例值回退，若复现应登记缺陷。
A5: PC-GOL-002 | B5: 目标偏好 | C5: 保存ESAT与TMUA目标后档案和目标卡同步更新 | D5: P0 | E5: 功能 | F5: 已有或无目标均可 | G5: 地区英国；院校2所；专业工程；ESAT+TMUA；ESAT科目；每周20小时；合法月份 | H5: 1. 进入目标偏好编辑态 2. 选择地区、两所院校、专业、ESAT和TMUA 3. 选择合法ESAT科目、每周20小时及可选考试月份 4. 点击保存修改并等待成功反馈 5. 核对退出编辑态，目标卡展示全部最新值 6. 核对档案卡目标院校同步更新 7. 刷新页面确认保存结果持久化且没有自动授予会员 | I5: 保存成功后退出编辑态；档案目标院校与目标卡同步显示最新正式值；选择考试不授予会员。 | J5: 通过 | K5: 是
A6: PC-GOL-003 | B6: 目标偏好 | C6: 取消目标编辑恢复上次成功保存结果 | D6: P0 | E6: 流程 | F6: 存在已保存目标 | G6: 修改地区、院校、专业后取消 | H6: 1. 记录当前已保存的目标偏好 2. 点击编辑并修改地区、院校、专业、考试和计划字段 3. 点击取消并确认退出编辑态 4. 将查看态逐项与操作前记录比较 5. 刷新个人中心再次核对 6. 确认档案卡和目标卡均保留上次成功保存结果 | I6: 草稿被丢弃并恢复查看态；仍显示上次成功结果；个人档案不变化。 | J6: 通过 | K6: 是
A7: PC-GOL-004 | B7: 目标偏好 | C7: 代表性校验或保存失败时保留草稿和旧正式结果 | D7: P0 | E7: 异常 | F7: 存在旧目标并进入编辑 | G7: 第3所院校；每周51小时；模拟保存失败 | H7: 1. 记录当前正式目标并进入编辑态 2. 选择第3所目标院校后点击保存，记录字段提示 3. 改为每周51小时后再次保存 4. 恢复合法输入并在提交时制造服务失败 5. 每次失败后核对仍在编辑态且草稿可继续修正 6. 关闭并刷新页面，核对档案和目标查看态仍是旧正式结果 | I7: 对应位置提示且不形成部分保存；编辑态与草稿保留；档案及查看态旧正式结果继续生效。 | J7: 通过 | K7: 是

Sheet 订阅汇总
A1: 4.3 个人中心人工测试用例｜订阅汇总
A2: 来源：文档/4-需求文档/4.3 个人中心.md ｜ 范围：P0页面操作、用户旅程与可见结果 ｜ 订阅汇总：2 条
A3: 用例编号 | B3: 功能模块 | C3: 用例标题 | D3: 优先级 | E3: 用例类型 | F3: 前置条件 | G3: 测试数据 | H3: 操作步骤 | I3: 预期结果 | J3: 执行状态 | K3: 是否通过 | L3: 缺陷等级 | M3: 实际结果 | N3: 备注 | O3: 修复情况 | P3: 回归情况
A4: PC-SUB-001 | B4: 订阅汇总 | C4: 订阅支付四项汇总使用真实数据计算 | D4: P0 | E4: 功能 | F4: 账号存在已支付、待支付、退款中、已退款订单及有效权益 | G4: 准备可核对订单金额和会员状态 | H4: 1. 根据测试数据列出该账号全部真实在线订单及金额、退款金额和有效会员 2. 手工计算累计订阅、当前权益、累计订单和累计实付期望值 3. 登录个人中心并定位订阅支付汇总 4. 将四个页面数字与手工结果逐项核对 5. 切换订单筛选，确认筛选不改变顶部汇总 6. 刷新页面并再次核对汇总稳定 | I4: 累计订阅只计已支付/退款中/已退款；当前权益计有效考试会员；累计订单计全部在线订单；累计实付为支付金额减已退款金额。 | J4: 未执行 | M4: 目前测不了，显示会员功能上线中
A5: PC-SUB-002 | B5: 订阅汇总 | C5: 后台授权只增加当前权益不伪造交易 | D5: P0 | E5: 功能 | F5: 账号只有后台授权会员，无在线订单 | G5: ESAT后台授权 | H5: 1. 准备只有后台授权会员且没有在线订单的学生账号 2. 登录个人中心并记录顶部会员标签和当前权益 3. 核对累计订阅、累计订单和累计实付 4. 展开支付记录列表并检查空态 5. 切换到对应考试核对有效方案 6. 确认列表中不存在0元后台授权订单或虚构支付方式 | I5: 会员标签和当前权益包含授权；其他三个交易汇总保持真实0；列表显示从未产生在线订单空态，不出现0元授权订单。 | J5: 未执行 | M5: 目前测不了，显示会员功能上线中

Sheet 支付记录
A1: 4.3 个人中心人工测试用例｜支付记录
A2: 来源：文档/4-需求文档/4.3 个人中心.md ｜ 范围：P0页面操作、用户旅程与可见结果 ｜ 支付记录：2 条
A3: 用例编号 | B3: 功能模块 | C3: 用例标题 | D3: 优先级 | E3: 用例类型 | F3: 前置条件 | G3: 测试数据 | H3: 操作步骤 | I3: 预期结果 | J3: 执行状态 | K3: 是否通过 | L3: 缺陷等级 | M3: 实际结果 | N3: 备注 | O3: 修复情况 | P3: 回归情况
A4: PC-PAY-001 | B4: 支付记录 | C4: 筛选、排序、字段与空态表现正确 | D4: P0 | E4: 功能 | F4: 账号存在多状态订单，并准备无订单或筛选无结果账号 | G4: 全部/进行中/已过期/支付失败/退款；新旧排序 | H4: 1. 登录含多状态订单的账号并记录全部订单总数 2. 依次切换全部、进行中、已过期、支付失败和退款筛选 3. 每个筛选下核对订单状态、数量和空态文案 4. 分别切换创建时间升序和降序并记录首尾订单 5. 展开代表订单核对考试、套餐、金额、方式、编号及时间 6. 核对未支付时间显示“-”且排序只改变顺序不改变状态 | I4: 状态归类正确；排序只改变顺序；记录展示考试、套餐、金额、方式、编号和时间；未支付时间为“-”；两种空态文案不同。 | J4: 未执行 | M4: 目前测不了，显示会员功能上线中
A5: PC-PAY-002 | B5: 支付记录 | C5: 继续支付、重新支付、再次订阅和续费形成闭环 | D5: P0 | E5: 流程 | F5: 准备待支付、失败/关闭、已支付无权益、有效订阅记录 | G5: 四类记录操作 | H5: 1. 在进行中筛选找到待支付订单并点击继续支付 2. 核对恢复原订单及正确考试，关闭一次并确认筛选保留 3. 对失败或关闭订单点击重新支付 4. 对已支付但无权益订单点击再次订阅，对有效订阅点击续费 5. 分别模拟支付成功、关闭和失败后返回个人中心 6. 成功时核对方案、汇总和列表一起更新 7. 关闭或失败时核对原权益不变且仍有恢复入口 | I5: 弹窗携带正确考试和订单上下文；成功后刷新方案、汇总和列表；关闭或失败保留筛选和已有记录，不提前改变权益。 | J5: 未执行 | M5: 目前测不了，显示会员功能上线中

Sheet 局部失败与一致性
A1: 4.3 个人中心人工测试用例｜局部失败与一致性
A2: 来源：文档/4-需求文档/4.3 个人中心.md ｜ 范围：P0页面操作、用户旅程与可见结果 ｜ 局部失败与一致性：3 条
A3: 用例编号 | B3: 功能模块 | C3: 用例标题 | D3: 优先级 | E3: 用例类型 | F3: 前置条件 | G3: 测试数据 | H3: 操作步骤 | I3: 预期结果 | J3: 执行状态 | K3: 是否通过 | L3: 缺陷等级 | M3: 实际结果 | N3: 备注 | O3: 修复情况 | P3: 回归情况
A4: PC-REC-001 | B4: 局部失败与一致性 | C4: 各数据区域独立加载且局部失败不覆盖成功区域 | D4: P0 | E4: 异常 | F4: 可分别模拟会员、统计、网络或交易读取失败 | G4: 逐区域失败与恢复 | H4: 1. 进入个人中心并等待账号、权益、统计、网络和交易区域加载完成 2. 记录各成功区域的当前数据和页面状态 3. 逐次仅让一个区域读取失败并刷新页面 4. 核对失败区域显示具体错误和重试入口 5. 核对其余成功区域数据保持可见可用 6. 恢复该接口并点击对应重试 7. 确认权益失败不显示免费、统计失败不显示0、交易失败不显示无订单 | I4: 成功区域保持可见可用；失败区域显示具体提示和恢复入口；权益未知不显示免费，统计未知不显示0，交易失败不显示无订单。 | J4: 未执行 | M4: 俺不会
A5: PC-REC-002 | B5: 局部失败与一致性 | C5: 保存或支付成功只刷新受影响区域 | D5: P0 | E5: 流程 | F5: 页面已有目标草稿、交易筛选和其他成功数据 | G5: 保存目标；支付成功；修改邮箱 | H5: 1. 在目标编辑区填写未保存草稿，并在交易区设置非默认筛选和排序 2. 完成一次目标保存，核对只有目标和档案相关区域更新 3. 再完成一次邮箱修改，核对只有账号资料区域更新 4. 最后完成一次支付，核对会员、汇总和交易区域更新 5. 每次操作后检查其他区域的草稿、筛选和已保存数据 6. 确认页面没有自动重复保存、购买或导航 | I5: 只刷新目标、会员/交易或档案相关区域；其他已保存内容和交易筛选保持；不会自动重复购买、保存或导航。 | J5: 未执行 | M5: 目前测不了，显示会员功能上线中
A6: PC-REC-003 | B6: 局部失败与一致性 | C6: 权益角色或内容变化不删除历史且普通错误不退出 | D6: P0 | E6: 安全 | F6: 页面停留期间模拟会员到期、管理员授权变化、普通网络错误 | G6: 对应考试会员变化与历史任务 | H6: 1. 登录具有双考试数据、进行中任务和历史记录的学生 2. 页面停留期间使其中一个考试会员到期或被管理员取消 3. 刷新会员与学习摘要并尝试开始新的受限操作 4. 核对新操作按最新权益处理，但另一考试不受影响 5. 核对进行中任务和历史结果仍保留 6. 再制造普通网络错误，确认不会退出登录或删除历史 | I6: 新操作按最新权益处理且只影响对应考试；进行中任务和历史结果保留；管理员不进入购买；普通业务错误不会清除登录态。 | J6: 未执行 | M6: 目前测试环境，免费做题和会员权限一致，疑似测不了
