Workbook

Sheet 测试说明
A1: 4.4 登录注册自动化测试用例
A2: 用于参数化、接口、安全、限流、时间和并发校验；一条逻辑用例可展开为多条自动化测试数据。
A4: 文档版本 | B4: V1.2 | D4: 生成日期 | E4: 46243 | G4: 用例总数 | H4: =SUM(B10:B15)
A5: 需求来源 | B5: 文档/4-需求文档/4.4 登录注册.md | G5: 默认状态 | H5: 待实现 / 未执行
A6: 执行原则 | B6: 优先API，其次UI；使用Mock、假时钟和隔离测试数据。
A8: 模块覆盖统计
A9: 模块 | B9: 用例数 | C9: P0 | D9: P1 | E9: API | F9: UI | G9: 混合 | H9: 待实现 | I9: 已实现
A10: 登录 | B10: =COUNTA('登录'!$A$4:$A$9) | C10: =COUNTIF('登录'!$D$4:$D$9,"P0") | D10: =COUNTIF('登录'!$D$4:$D$9,"P1") | E10: =COUNTIF('登录'!$E$4:$E$9,"API") | F10: =COUNTIF('登录'!$E$4:$E$9,"UI") | G10: =COUNTIF('登录'!$E$4:$E$9,"混合") | H10: =COUNTIF('登录'!$K$4:$K$9,"待实现") | I10: =COUNTIF('登录'!$K$4:$K$9,"已实现")
A11: 注册 | B11: =COUNTA('注册'!$A$4:$A$14) | C11: =COUNTIF('注册'!$D$4:$D$14,"P0") | D11: =COUNTIF('注册'!$D$4:$D$14,"P1") | E11: =COUNTIF('注册'!$E$4:$E$14,"API") | F11: =COUNTIF('注册'!$E$4:$E$14,"UI") | G11: =COUNTIF('注册'!$E$4:$E$14,"混合") | H11: =COUNTIF('注册'!$K$4:$K$14,"待实现") | I11: =COUNTIF('注册'!$K$4:$K$14,"已实现")
A12: 邮箱验证码 | B12: =COUNTA('邮箱验证码'!$A$4:$A$10) | C12: =COUNTIF('邮箱验证码'!$D$4:$D$10,"P0") | D12: =COUNTIF('邮箱验证码'!$D$4:$D$10,"P1") | E12: =COUNTIF('邮箱验证码'!$E$4:$E$10,"API") | F12: =COUNTIF('邮箱验证码'!$E$4:$E$10,"UI") | G12: =COUNTIF('邮箱验证码'!$E$4:$E$10,"混合") | H12: =COUNTIF('邮箱验证码'!$K$4:$K$10,"待实现") | I12: =COUNTIF('邮箱验证码'!$K$4:$K$10,"已实现")
A13: 忘记密码 | B13: =COUNTA('忘记密码'!$A$4:$A$8) | C13: =COUNTIF('忘记密码'!$D$4:$D$8,"P0") | D13: =COUNTIF('忘记密码'!$D$4:$D$8,"P1") | E13: =COUNTIF('忘记密码'!$E$4:$E$8,"API") | F13: =COUNTIF('忘记密码'!$E$4:$E$8,"UI") | G13: =COUNTIF('忘记密码'!$E$4:$E$8,"混合") | H13: =COUNTIF('忘记密码'!$K$4:$K$8,"待实现") | I13: =COUNTIF('忘记密码'!$K$4:$K$8,"已实现")
A14: 会话与退出 | B14: =COUNTA('会话与退出'!$A$4:$A$8) | C14: =COUNTIF('会话与退出'!$D$4:$D$8,"P0") | D14: =COUNTIF('会话与退出'!$D$4:$D$8,"P1") | E14: =COUNTIF('会话与退出'!$E$4:$E$8,"API") | F14: =COUNTIF('会话与退出'!$E$4:$E$8,"UI") | G14: =COUNTIF('会话与退出'!$E$4:$E$8,"混合") | H14: =COUNTIF('会话与退出'!$K$4:$K$8,"待实现") | I14: =COUNTIF('会话与退出'!$K$4:$K$8,"已实现")
A15: 权限与安全回跳 | B15: =COUNTA('权限与安全回跳'!$A$4:$A$8) | C15: =COUNTIF('权限与安全回跳'!$D$4:$D$8,"P0") | D15: =COUNTIF('权限与安全回跳'!$D$4:$D$8,"P1") | E15: =COUNTIF('权限与安全回跳'!$E$4:$E$8,"API") | F15: =COUNTIF('权限与安全回跳'!$E$4:$E$8,"UI") | G15: =COUNTIF('权限与安全回跳'!$E$4:$E$8,"混合") | H15: =COUNTIF('权限与安全回跳'!$K$4:$K$8,"待实现") | I15: =COUNTIF('权限与安全回跳'!$K$4:$K$8,"已实现")
A16: 合计 | B16: =SUM(B10:B15) | C16: =SUM(C10:C15) | D16: =SUM(D10:D15) | E16: =SUM(E10:E15) | F16: =SUM(F10:F15) | G16: =SUM(G10:G15) | H16: =SUM(H10:H15) | I16: =SUM(I10:I15)
A18: 使用说明
A19: 自动化层级 | B19: API用于规则、状态与安全断言；UI用于交互；混合用于前后端共同验证。
A20: 参数化数据 | B20: 表内用分号或斜杠列出数据组，落地脚本时展开为独立test.each数据。
A21: 建议路径 | B21: 仅为目标目录规划，不代表仓库中已经存在对应测试框架或脚本。
A22: 时间与并发 | B22: 验证码有效期、七天会话、限流使用假时钟或可控服务时间，不进行真实长时间等待。
A23: 脚本状态 | B23: 初始为待实现；代码完成后改为已实现，再记录自动化执行结果。

Sheet 登录
A1: 4.4 登录注册自动化测试用例｜登录
A2: 来源：文档/4-需求文档/4.4 登录注册.md ｜ 范围：参数化校验、接口规则、安全与并发场景 ｜ 登录：6 条
A3: 用例编号 | B3: 功能模块 | C3: 用例标题 | D3: 优先级 | E3: 自动化层级 | F3: 前置数据/Mock | G3: 参数化测试数据 | H3: 自动化步骤 | I3: 断言 | J3: 建议脚本路径 | K3: 脚本状态 | L3: 执行状态 | M3: 是否通过 | N3: 缺陷等级 | O3: 实际结果 | P3: 备注 | Q3: 修复情况 | R3: 回归情况
A4: AUT-LGN-001 | B4: 字段校验 | C4: 登录账号与密码必填组合 | D4: P0 | E4: UI | F4: 清空登录表单 | G4: 账号空/密码空/两者都空/协议未勾选 | H4: 参数化填充后点击登录 | I4: 对应字段提示；无认证请求或请求被前端拦截；登录态不变 | J4: quiz-web/e2e/auth/login-validation.spec.ts | K4: 待实现 | L4: 未执行
A5: AUT-LGN-002 | B5: 邮箱规范化 | C5: 邮箱首尾空格与大小写规范化 | D5: P1 | E5: API | F5: 存在邮箱qa.student@example.com的账号 | G5: QA.Student@Example.COM；前后空格；混合大小写 | H5: 逐组调用登录接口 | I5: 均识别同一账号并返回成功；服务端不创建新账号 | J5: api/tests/auth/login.spec.ts | K5: 待实现 | L5: 未执行
A6: AUT-LGN-003 | B6: 统一错误 | C6: 不存在账号和错误密码返回统一错误 | D6: P0 | E6: API | F6: 存在一个有效账号 | G6: 不存在用户名/不存在邮箱/正确账号+错误密码 | H6: 逐组调用登录接口 | I6: HTTP与业务错误结构一致；errMsg不暴露账号是否存在；不创建会话 | J6: api/tests/auth/login-security.spec.ts | K6: 待实现 | L6: 未执行
A7: AUT-LGN-004 | B7: 协议版本 | C7: 协议未确认或版本过期拒绝登录 | D7: P0 | E7: 混合 | F7: 准备当前版本和过期版本 | G7: 未确认/旧版本/当前版本 | H7: 提交登录并检查接口与页面 | I7: 前两组拒绝且不建会话；当前版本成功并记录同意版本 | J7: api/tests/auth/agreement.spec.ts | K7: 待实现 | L7: 未执行
A8: AUT-LGN-005 | B8: 并发提交 | C8: 登录重复提交只产生一个会话结果 | D8: P0 | E8: 混合 | F8: 有效账号，延迟登录响应 | G8: 连续2次/5次点击或并发请求 | H8: 并发提交相同凭证 | I8: UI只发送一次；接口侧不产生多条当前设备有效会话；跳转一次 | J8: quiz-web/e2e/auth/login-idempotency.spec.ts | K8: 待实现 | L8: 未执行
A9: AUT-LGN-006 | B9: 登录限流 | C9: 15分钟20次登录限流边界 | D9: P0 | E9: API | F9: 使用隔离来源并可控制时间 | G9: 第20次/第21次/窗口结束后第1次 | H9: 按时间窗口连续调用 | I9: 边界内正常处理；超限统一提示；窗口结束恢复；更换登录标识不能绕过来源限制 | J9: api/tests/auth/login-rate-limit.spec.ts | K9: 待实现 | L9: 未执行

Sheet 注册
A1: 4.4 登录注册自动化测试用例｜注册
A2: 来源：文档/4-需求文档/4.4 登录注册.md ｜ 范围：参数化校验、接口规则、安全与并发场景 ｜ 注册：11 条
A3: 用例编号 | B3: 功能模块 | C3: 用例标题 | D3: 优先级 | E3: 自动化层级 | F3: 前置数据/Mock | G3: 参数化测试数据 | H3: 自动化步骤 | I3: 断言 | J3: 建议脚本路径 | K3: 脚本状态 | L3: 执行状态 | M3: 是否通过 | N3: 缺陷等级 | O3: 实际结果 | P3: 备注 | Q3: 修复情况 | R3: 回归情况
A4: AUT-REG-001 | B4: 用户名长度 | C4: 用户名长度边界 | D4: P1 | E4: API | F4: 无同名账号 | G4: 最短-1/最短/最大/最大+1字符 | H4: 参数化提交注册校验 | I4: 合法边界通过；越界返回用户名长度错误；不创建账号 | J4: api/tests/auth/register-username.spec.ts | K4: 待实现 | L4: 未执行
A5: AUT-REG-002 | B5: 用户名字符 | C5: 用户名字符集与纯数字限制 | D5: P1 | E5: API | F5: 无同名账号 | G5: 字母/字母数字下划线/纯数字/中文/空格/特殊字符 | H5: 参数化提交 | I5: 合法字符通过；纯数字及非法字符拒绝；错误定位用户名 | J5: api/tests/auth/register-username.spec.ts | K5: 待实现 | L5: 未执行
A6: AUT-REG-003 | B6: 用户名唯一 | C6: 用户名重复与并发注册唯一性 | D6: P0 | E6: API | F6: 准备已存在用户名 | G6: 大小写策略样本；两个并发相同用户名请求 | H6: 并发提交注册 | I6: 按产品用户名规则判重；数据库只保留一个账号；失败请求返回冲突而非500 | J6: api/tests/auth/register-uniqueness.spec.ts | K6: 待实现 | L6: 未执行
A7: AUT-REG-004 | B7: 邮箱格式 | C7: 邮箱有效性参数集 | D7: P1 | E7: API | F7: 无同邮箱账号 | G7: 合法普通/加号/子域；缺@/缺域名/连续点/内部空格/超长 | H7: 逐组请求验证码或注册 | I7: 合法格式可继续；非法格式统一拒绝且不发送邮件、不创建挑战 | J7: api/tests/auth/email-validation.spec.ts | K7: 待实现 | L7: 未执行
A8: AUT-REG-005 | B8: 邮箱唯一 | C8: 邮箱规范化后全局唯一 | D8: P0 | E8: API | F8: 已存在existing@example.com | G8: Existing@Example.COM；前后空格；并发相同邮箱 | H8: 获取注册码并提交注册 | I8: 规范化为小写去空格后判重；不能注册第二个账号；并发仅一个成功 | J8: api/tests/auth/register-uniqueness.spec.ts | K8: 待实现 | L8: 未执行
A9: AUT-REG-006 | B9: 密码长度 | C9: 新建密码8至12位边界 | D9: P1 | E9: API | F9: 其他注册信息有效 | G9: 7位/8位/12位/13位 | H9: 参数化提交注册 | I9: 8和12位通过；7和13位拒绝；不消费验证码 | J9: api/tests/auth/password-policy.spec.ts | K9: 待实现 | L9: 未执行
A10: AUT-REG-007 | B10: 密码组成 | C10: 密码字母数字与允许特殊字符规则 | D10: P1 | E10: API | F10: 其他注册信息有效 | G10: 仅字母/仅数字/字母数字/含!@#$%/含其他符号/含空格 | H10: 参数化提交 | I10: 仅字母数字组合及允许字符通过；其他拒绝；密码不写入日志或响应 | J10: api/tests/auth/password-policy.spec.ts | K10: 待实现 | L10: 未执行
A11: AUT-REG-008 | B11: 确认密码 | C11: 确认密码必须完全一致 | D11: P1 | E11: UI | F11: 其他注册字段有效 | G11: 大小写不同/尾部空格/完全一致 | H11: 参数化填写并提交 | I11: 不一致均在前端提示且不发注册请求；一致可继续 | J11: quiz-web/e2e/auth/register-validation.spec.ts | K11: 待实现 | L11: 未执行
A12: AUT-REG-009 | B12: ESAT科目 | C12: ESAT必须含M1且恰好三科 | D12: P0 | E12: API | F12: 已选择ESAT | G12: 0/1/2/3/4科；3科不含M1；合法3科含M1 | H12: 参数化提交考试目标 | I12: 仅合法3科含M1成功；其余返回明确业务错误且不创建半成品账号 | J12: api/tests/auth/register-goals.spec.ts | K12: 待实现 | L12: 未执行
A13: AUT-REG-010 | B13: 考试范围 | C13: TMUA固定数学且STEP及管理员参数不可注入 | D13: P0 | E13: API | F13: 其他注册字段有效 | G13: TMUA合法；STEP；role=admin；未知考试代码 | H13: 构造请求并提交 | I13: TMUA按固定规则保存；STEP、管理员角色和未知代码被忽略或拒绝；公开注册永不创建管理员 | J13: api/tests/auth/register-security.spec.ts | K13: 待实现 | L13: 未执行
A14: AUT-REG-011 | B14: 注册原子性 | C14: 验证码消费、账号创建与协议确认保持原子 | D14: P0 | E14: API | F14: 可注入账号创建或会话建立故障 | G14: 验证码有效+创建失败；创建成功+会话失败；成功重试 | H14: 逐组执行并查询账号、挑战、会话 | I14: 创建失败不留账号且验证码可按规则重试；账号已创建但会话失败返回可恢复结果；无重复账号或重复会话 | J14: api/tests/auth/register-atomicity.spec.ts | K14: 待实现 | L14: 未执行 | P14: 当前实现待对齐，建议优先自动化锁定。

Sheet 邮箱验证码
A1: 4.4 登录注册自动化测试用例｜邮箱验证码
A2: 来源：文档/4-需求文档/4.4 登录注册.md ｜ 范围：参数化校验、接口规则、安全与并发场景 ｜ 邮箱验证码：7 条
A3: 用例编号 | B3: 功能模块 | C3: 用例标题 | D3: 优先级 | E3: 自动化层级 | F3: 前置数据/Mock | G3: 参数化测试数据 | H3: 自动化步骤 | I3: 断言 | J3: 建议脚本路径 | K3: 脚本状态 | L3: 执行状态 | M3: 是否通过 | N3: 缺陷等级 | O3: 实际结果 | P3: 备注 | Q3: 修复情况 | R3: 回归情况
A4: AUT-EML-001 | B4: 验证码格式 | C4: 验证码仅接受六位数字并保留前导零 | D4: P1 | E4: 混合 | F4: 创建有效挑战 | G4: 012345/1234567/12a3-45/空格/中文 | H4: UI输入并向接口提交 | I4: UI只保留前六位数字；前导零不丢失；接口拒绝非六位数字 | J4: quiz-web/e2e/auth/code-input.spec.ts | K4: 待实现 | L4: 未执行
A5: AUT-EML-002 | B5: 有效期 | C5: 验证码十分钟有效期边界 | D5: P0 | E5: API | F5: 可控制服务端时间 | G5: 9:59/10:00/10:01 | H5: 在各时间点校验同一挑战 | I5: 有效期内通过；到期点按服务端定义稳定判定；过期后不可消费 | J5: api/tests/auth/code-expiry.spec.ts | K5: 待实现 | L5: 未执行
A6: AUT-EML-003 | B6: 错误次数 | C6: 连续五次错误后验证码失效 | D6: P0 | E6: API | F6: 创建有效挑战 | G6: 第1至4次错误/第5次错误/失效后正确码 | H6: 连续提交错误码再提交正确码 | I6: 前四次可继续；第五次使挑战失效；之后正确码也失败 | J6: api/tests/auth/code-attempts.spec.ts | K6: 待实现 | L6: 未执行
A7: AUT-EML-004 | B7: 重新获取 | C7: 新验证码生成后旧验证码立即失效 | D7: P0 | E7: API | F7: 同邮箱同用途先后生成A、B | G7: 旧码A/新码B | H7: 生成B后分别校验A、B，并重复使用B | I7: A失败；B首次成功；成功消费后的B不可复用 | J7: api/tests/auth/code-lifecycle.spec.ts | K7: 待实现 | L7: 未执行
A8: AUT-EML-005 | B8: 绑定关系 | C8: 验证码绑定邮箱、用途与请求 | D8: P0 | E8: API | F8: 为邮箱A创建注册与重置挑战 | G8: 邮箱A/B；注册/重置；不同challengeId | H8: 交叉组合提交 | I8: 只有邮箱、用途和请求全部匹配才通过；不匹配不创建账号、不修改密码 | J8: api/tests/auth/code-binding.spec.ts | K8: 待实现 | L8: 未执行
A9: AUT-EML-006 | B9: 发送限流 | C9: 验证码60秒、每小时5次及来源20次限流 | D9: P0 | E9: API | F9: 隔离邮箱和来源，可控制时间 | G9: 59秒/60秒；第5/6次；来源第20/21次 | H9: 参数化发送验证码 | I9: 各边界按规则限制；更换邮箱不能绕过来源限流；窗口结束恢复 | J9: api/tests/auth/code-rate-limit.spec.ts | K9: 待实现 | L9: 未执行
A10: AUT-EML-007 | B10: 发送容错 | C10: 邮件失败与重置未知邮箱隐私 | D10: P0 | E10: API | F10: Mock邮件成功、失败；准备未注册邮箱 | G10: 注册邮件失败；重置未知邮箱；重置已注册邮箱 | H10: 调用发送接口并检查挑战和响应 | I10: 邮件失败不产生可用挑战；重置两种邮箱响应文案一致；仅已注册邮箱产生真实重置资格 | J10: api/tests/auth/code-delivery.spec.ts | K10: 待实现 | L10: 未执行

Sheet 忘记密码
A1: 4.4 登录注册自动化测试用例｜忘记密码
A2: 来源：文档/4-需求文档/4.4 登录注册.md ｜ 范围：参数化校验、接口规则、安全与并发场景 ｜ 忘记密码：5 条
A3: 用例编号 | B3: 功能模块 | C3: 用例标题 | D3: 优先级 | E3: 自动化层级 | F3: 前置数据/Mock | G3: 参数化测试数据 | H3: 自动化步骤 | I3: 断言 | J3: 建议脚本路径 | K3: 脚本状态 | L3: 执行状态 | M3: 是否通过 | N3: 缺陷等级 | O3: 实际结果 | P3: 备注 | Q3: 修复情况 | R3: 回归情况
A4: AUT-RST-001 | B4: 新密码规则 | C4: 重置密码复用新建密码策略 | D4: P1 | E4: API | F4: 邮箱和重置挑战有效 | G4: 长度、组成、非法字符、确认不一致参数集 | H4: 逐组提交重置 | I4: 非法组拒绝且不消费验证码、不修改密码；合法组成功 | J4: api/tests/auth/reset-password-policy.spec.ts | K4: 待实现 | L4: 未执行
A5: AUT-RST-002 | B5: 验证码异常 | C5: 错误、过期、已使用及不匹配验证码不能重置 | D5: P0 | E5: API | F5: 准备各类挑战状态 | G5: wrong/expired/used/email-mismatch/purpose-mismatch | H5: 参数化提交 | I5: 均返回可识别业务错误；密码、会话和挑战状态不出现错误部分更新 | J5: api/tests/auth/reset-code.spec.ts | K5: 待实现 | L5: 未执行
A6: AUT-RST-003 | B6: 账号隐私 | C6: 未注册邮箱不能形成可完成的重置资格 | D6: P0 | E6: API | F6: 准备未注册邮箱 | G6: 任意六位验证码 | H6: 请求验证码后提交重置 | I6: 发送响应不暴露账号状态；后续任何验证码均不能修改任意账号 | J6: api/tests/auth/reset-privacy.spec.ts | K6: 待实现 | L6: 未执行
A7: AUT-RST-004 | B7: 账号级撤销 | C7: 密码更新与全部会话撤销保持原子 | D7: P0 | E7: API | F7: 账号有多个会话，可注入撤销失败 | G7: 正常成功/撤销失败 | H7: 提交重置并验证密码和各会话 | I7: 正常成功时旧密码和全部旧会话失效；撤销失败时密码也保持原值，不返回成功 | J7: api/tests/auth/reset-atomicity.spec.ts | K7: 待实现 | L7: 未执行
A8: AUT-RST-005 | B8: 重置并发 | C8: 重复重置提交只消费一次验证码 | D8: P0 | E8: API | F8: 有效重置挑战 | G8: 2个/5个并发相同请求 | H8: 并发提交 | I8: 最多一个成功；验证码只消费一次；最终密码状态唯一；其余返回已使用或冲突 | J8: api/tests/auth/reset-concurrency.spec.ts | K8: 待实现 | L8: 未执行

Sheet 会话与退出
A1: 4.4 登录注册自动化测试用例｜会话与退出
A2: 来源：文档/4-需求文档/4.4 登录注册.md ｜ 范围：参数化校验、接口规则、安全与并发场景 ｜ 会话与退出：5 条
A3: 用例编号 | B3: 功能模块 | C3: 用例标题 | D3: 优先级 | E3: 自动化层级 | F3: 前置数据/Mock | G3: 参数化测试数据 | H3: 自动化步骤 | I3: 断言 | J3: 建议脚本路径 | K3: 脚本状态 | L3: 执行状态 | M3: 是否通过 | N3: 缺陷等级 | O3: 实际结果 | P3: 备注 | Q3: 修复情况 | R3: 回归情况
A4: AUT-SES-001 | B4: 滑动过期 | C4: 七天空闲窗口及续期触发条件 | D4: P0 | E4: API | F4: 使用假时钟和有效会话 | G4: 成功恢复/公开浏览/页面停留/7天边界 | H4: 推进时间并调用对应接口 | I4: 仅成功恢复或身份刷新顺延；普通活动不续期；超过窗口不可恢复 | J4: api/tests/auth/session-expiry.spec.ts | K4: 待实现 | L4: 未执行
A5: AUT-SES-002 | B5: 并发刷新 | C5: 多个过期请求只触发一次身份恢复 | D5: P0 | E5: 混合 | F5: 短期凭证过期、会话有效，拦截恢复接口计数 | G5: 并发2/10个受保护请求 | H5: 同时发起请求 | I5: 仅一次恢复调用；其余复用结果；无重复跳转和提示 | J5: quiz-web/e2e/auth/session-refresh.spec.ts | K5: 待实现 | L5: 未执行
A6: AUT-SES-003 | B6: 多设备独立 | C6: 一个设备续期或退出不影响其他设备 | D6: P0 | E6: API | F6: 同账号创建设备A、B会话 | G6: A续期/A退出/B访问 | H6: 按顺序调用会话接口 | I6: A操作只改变A会话；B到期时间与有效状态按自身活动计算 | J6: api/tests/auth/session-device.spec.ts | K6: 待实现 | L6: 未执行
A7: AUT-SES-004 | B7: 统一失效 | C7: 过期、撤销和凭证异常统一清理 | D7: P0 | E7: 混合 | F7: 分别构造三种失效会话 | G7: expired/revoked/credential-mismatch | H7: 访问受保护接口并观察前端 | I7: 接口返回统一认证失效语义；前端清除身份和个人数据并回首页；不循环刷新 | J7: quiz-web/e2e/auth/session-invalid.spec.ts | K7: 待实现 | L7: 未执行
A8: AUT-SES-005 | B8: 错误隔离 | C8: 普通业务错误不被误判为登录失效 | D8: P0 | E8: 混合 | F8: 有效会话，Mock会员不足、内容下线、网络错误 | G8: 三个普通业务错误 | H8: 发起业务请求 | I8: 会话与用户状态保持；页面显示对应业务错误；不跳登录、不清个人信息 | J8: quiz-web/e2e/auth/session-error-isolation.spec.ts | K8: 待实现 | L8: 未执行

Sheet 权限与安全回跳
A1: 4.4 登录注册自动化测试用例｜权限与安全回跳
A2: 来源：文档/4-需求文档/4.4 登录注册.md ｜ 范围：参数化校验、接口规则、安全与并发场景 ｜ 权限与安全回跳：5 条
A3: 用例编号 | B3: 功能模块 | C3: 用例标题 | D3: 优先级 | E3: 自动化层级 | F3: 前置数据/Mock | G3: 参数化测试数据 | H3: 自动化步骤 | I3: 断言 | J3: 建议脚本路径 | K3: 脚本状态 | L3: 执行状态 | M3: 是否通过 | N3: 缺陷等级 | O3: 实际结果 | P3: 备注 | Q3: 修复情况 | R3: 回归情况
A4: AUT-ACL-001 | B4: 公开路由 | C4: 访客公开路由矩阵 | D4: P1 | E4: UI | F4: 清除登录状态 | G4: 首页/考试介绍/协议/诊断概览/题库概览 | H4: 参数化访问路由 | I4: 均返回可浏览页面且不跳登录；页面无个人数据 | J4: quiz-web/e2e/auth/public-routes.spec.ts | K4: 待实现 | L4: 未执行
A5: AUT-ACL-002 | B5: 受保护路由 | C5: 访客受保护路由矩阵 | D5: P0 | E5: 混合 | F5: 清除登录状态并清理业务记录 | G5: 诊断/练习/错题/报告/个人中心/后台 | H5: 逐路由访问并查询副作用 | I5: 全部跳登录并记录安全目标；不提前创建记录或返回个人数据 | J5: quiz-web/e2e/auth/protected-routes.spec.ts | K5: 待实现 | L5: 未执行
A6: AUT-ACL-003 | B6: 安全回跳 | C6: 回跳地址白名单及攻击参数 | D6: P0 | E6: 混合 | F6: 准备可登录账号 | G6: /profile?tab=security；http外链；//外链；反斜杠；相对路径；编码变体；空值 | H6: 携带目标完成认证 | I6: 仅合法单斜杠站内地址恢复；其余全部首页；响应无开放重定向 | J6: quiz-web/e2e/auth/safe-redirect.spec.ts | K6: 待实现 | L6: 未执行
A7: AUT-ACL-004 | B7: 角色权限 | C7: 学生与管理员后台权限接口和路由一致 | D7: P0 | E7: 混合 | F7: 准备学生、管理员会话 | G7: 后台列表/详情/写入接口及页面 | H7: 用两种角色参数化访问 | I7: 学生页面回首页且接口拒绝；管理员页面和接口允许；修改前端状态不能提权 | J7: api/tests/auth/role-access.spec.ts | K7: 待实现 | L7: 未执行
A8: AUT-ACL-005 | B8: 认证边界 | C8: 已登录访问认证页及会员权限隔离 | D8: P0 | E8: UI | F8: 普通学生已登录且无会员 | G8: 登录页/注册页/会员受限入口 | H8: 逐路由访问 | I8: 认证页回首页且不建第二会话；会员入口仍受权益限制；考试偏好不改变会员状态 | J8: quiz-web/e2e/auth/auth-boundary.spec.ts | K8: 待实现 | L8: 未执行
