Workbook

Sheet 测试说明
A1: 4.8.1 诊断测试报告人工测试用例
A2: 本轮人工P0：覆盖报告生成、ESAT/TMUA差异、公共分析、学习路径、题目解析、历史升级和权限保护
A4: 文档版本 | B4: 当前版（2026-08-09） | D4: 生成日期 | E4: 46243 | G4: 用例总数 | H4: =SUM(B10:B15) -> 42
A5: 需求来源 | B5: 文档/4-需求文档/4.8.1 诊断测试报告.md | G5: 默认状态 | H5: 未执行
A6: 关联规则 | B6: 4.8诊断测试、4.3个人中心、ESAT计分规则、TMUA计分规则；以报告可观察行为为主
A8: 模块覆盖统计
A9: 模块 | B9: 用例数 | C9: P0 | D9: 未执行 | E9: 是否通过-是 | F9: 是否通过-否 | G9: 严重缺陷 | H9: 已完成修复 | I9: 回归通过
A10: 报告生成与状态 | B10: =COUNTA(报告生成与状态!$A$4:$A$10) -> 7 | C10: =COUNTIF(报告生成与状态!$D$4:$D$10,"P0") -> 7 | D10: =COUNTIF(报告生成与状态!$J$4:$J$10,"未执行") -> 7 | E10: =COUNTIF(报告生成与状态!$K$4:$K$10,"是") -> 5 | F10: =COUNTIF(报告生成与状态!$K$4:$K$10,"否") -> 0 | G10: =COUNTIF(报告生成与状态!$L$4:$L$10,"阻塞")+COUNTIF(报告生成与状态!$L$4:$L$10,"高") -> 0 | H10: =COUNTIF(报告生成与状态!$O$4:$O$10,"已完成") -> 0 | I10: =COUNTIF(报告生成与状态!$P$4:$P$10,"通过") -> 0
A11: ESAT报告 | B11: =COUNTA(ESAT报告!$A$4:$A$9) -> 6 | C11: =COUNTIF(ESAT报告!$D$4:$D$9,"P0") -> 6 | D11: =COUNTIF(ESAT报告!$J$4:$J$9,"未执行") -> 6 | E11: =COUNTIF(ESAT报告!$K$4:$K$9,"是") -> 5 | F11: =COUNTIF(ESAT报告!$K$4:$K$9,"否") -> 1 | G11: =COUNTIF(ESAT报告!$L$4:$L$9,"阻塞")+COUNTIF(ESAT报告!$L$4:$L$9,"高") -> 0 | H11: =COUNTIF(ESAT报告!$O$4:$O$9,"已完成") -> 0 | I11: =COUNTIF(ESAT报告!$P$4:$P$9,"通过") -> 0
A12: TMUA报告 | B12: =COUNTA(TMUA报告!$A$4:$A$8) -> 5 | C12: =COUNTIF(TMUA报告!$D$4:$D$8,"P0") -> 5 | D12: =COUNTIF(TMUA报告!$J$4:$J$8,"未执行") -> 5 | E12: =COUNTIF(TMUA报告!$K$4:$K$8,"是") -> 5 | F12: =COUNTIF(TMUA报告!$K$4:$K$8,"否") -> 0 | G12: =COUNTIF(TMUA报告!$L$4:$L$8,"阻塞")+COUNTIF(TMUA报告!$L$4:$L$8,"高") -> 0 | H12: =COUNTIF(TMUA报告!$O$4:$O$8,"已完成") -> 0 | I12: =COUNTIF(TMUA报告!$P$4:$P$8,"通过") -> 0
A13: 公共分析模块 | B13: =COUNTA(公共分析模块!$A$4:$A$11) -> 8 | C13: =COUNTIF(公共分析模块!$D$4:$D$11,"P0") -> 8 | D13: =COUNTIF(公共分析模块!$J$4:$J$11,"未执行") -> 8 | E13: =COUNTIF(公共分析模块!$K$4:$K$11,"是") -> 8 | F13: =COUNTIF(公共分析模块!$K$4:$K$11,"否") -> 0 | G13: =COUNTIF(公共分析模块!$L$4:$L$11,"阻塞")+COUNTIF(公共分析模块!$L$4:$L$11,"高") -> 0 | H13: =COUNTIF(公共分析模块!$O$4:$O$11,"已完成") -> 0 | I13: =COUNTIF(公共分析模块!$P$4:$P$11,"通过") -> 0
A14: 学习路径与题目解析 | B14: =COUNTA(学习路径与题目解析!$A$4:$A$9) -> 6 | C14: =COUNTIF(学习路径与题目解析!$D$4:$D$9,"P0") -> 6 | D14: =COUNTIF(学习路径与题目解析!$J$4:$J$9,"未执行") -> 6 | E14: =COUNTIF(学习路径与题目解析!$K$4:$K$9,"是") -> 5 | F14: =COUNTIF(学习路径与题目解析!$K$4:$K$9,"否") -> 0 | G14: =COUNTIF(学习路径与题目解析!$L$4:$L$9,"阻塞")+COUNTIF(学习路径与题目解析!$L$4:$L$9,"高") -> 0 | H14: =COUNTIF(学习路径与题目解析!$O$4:$O$9,"已完成") -> 0 | I14: =COUNTIF(学习路径与题目解析!$P$4:$P$9,"通过") -> 0
A15: 历史升级与权限 | B15: =COUNTA(历史升级与权限!$A$4:$A$13) -> 10 | C15: =COUNTIF(历史升级与权限!$D$4:$D$13,"P0") -> 10 | D15: =COUNTIF(历史升级与权限!$J$4:$J$13,"未执行") -> 10 | E15: =COUNTIF(历史升级与权限!$K$4:$K$13,"是") -> 3 | F15: =COUNTIF(历史升级与权限!$K$4:$K$13,"否") -> 2 | G15: =COUNTIF(历史升级与权限!$L$4:$L$13,"阻塞")+COUNTIF(历史升级与权限!$L$4:$L$13,"高") -> 0 | H15: =COUNTIF(历史升级与权限!$O$4:$O$13,"已完成") -> 0 | I15: =COUNTIF(历史升级与权限!$P$4:$P$13,"通过") -> 0
A16: 合计 | B16: =SUM(B10:B15) -> 42 | C16: =SUM(C10:C15) -> 42 | D16: =SUM(D10:D15) -> 42 | E16: =SUM(E10:E15) -> 31 | F16: =SUM(F10:F15) -> 3 | G16: =SUM(G10:G15) -> 0 | H16: =SUM(H10:H15) -> 0 | I16: =SUM(I10:I15) -> 0
A18: 使用说明
A19: 执行方式 | B19: 使用真实浏览器按编号步骤执行；需要失败或降级状态的用例使用预先准备的测试数据，不要求测试人员修改接口或数据库。
A20: 数据准备 | B20: 准备ESAT/TMUA正常、失败、规则降级、旧版本、资料完整/缺失、不同知识点映射和多次测试样本。
A21: 当前实现待对齐 | B21: 交卷弹窗百分比为等待反馈动画；报告版本仍由前后端分别维护；相关用例按文档中的当前口径判定并在备注中标识。
A22: 执行记录 | B22: 执行状态、是否通过、缺陷等级、实际结果、修复情况和回归情况为可编辑列；无缺陷编号列。
A23: 非目标 | B23: 不覆盖STEP、官方成绩证明、多次报告趋势、学习任务打卡或一键专项练习。

Sheet 报告生成与状态
A1: 4.8.1 诊断测试报告人工测试用例 — 报告生成与状态
A2: 来源：文档/4-需求文档/4.8.1 诊断测试报告.md｜范围：P0人工回归｜按真实浏览器操作与可观察结果执行
A3: 用例编号 | B3: 功能模块 | C3: 用例标题 | D3: 优先级 | E3: 用例类型 | F3: 前置条件 | G3: 测试数据 | H3: 操作步骤 | I3: 预期结果 | J3: 执行状态 | K3: 是否通过 | L3: 缺陷等级 | M3: 实际结果 | N3: 备注 | O3: 修复情况 | P3: 回归情况
A4: RPT-GEN-001 | B4: 报告生成与状态 | C4: ESAT正式交卷后生成并进入同一次诊断报告 | D4: P0 | E4: 流程 | F4: 学生已登录；有一套可完整提交的ESAT诊断；报告服务正常 | G4: 操作前历史次数H、ESAT诊断次数D；本次三个实际模块M1/M2/M3 | H4: 1. 在诊断历史和个人中心记录H、D 2. 开始ESAT诊断并完成M1/M2/M3，正式确认交卷 3. 观察交卷后的分析弹窗并确认答卷已保存 4. 等待服务端状态变为已完成 5. 点击“查看诊断报告”并记录报告对应的提交时间和模块 6. 返回诊断历史和个人中心刷新，再次记录H、D 7. 重新打开本次历史报告 | I4: 正式交卷后H+1、D+1且仅增加一次；分析完成前不能进入半成品报告；完成后进入ESAT报告，报告的提交时间、M1/M2/M3和本次作答一致；重新打开仍为同一报告，查看报告不再次改变H、D。 | J4: 未执行 | K4: 是
A5: RPT-GEN-002 | B5: 报告生成与状态 | C5: TMUA正式交卷后生成并进入同一次诊断报告 | D5: P0 | E5: 流程 | F5: 学生已登录；有一套可完整提交的TMUA双卷；报告服务正常 | G5: 操作前历史次数H、TMUA诊断次数D；Paper 1/Paper 2 | H5: 1. 在诊断历史和个人中心记录H、D 2. 完成Paper 1和Paper 2并正式确认交卷 3. 观察分析弹窗从答卷已保存进入已完成 4. 点击“查看诊断报告” 5. 核对报告类型、提交时间和两个Paper 6. 返回历史记录刷新并再次打开本次报告 | I5: 正式交卷后H+1、D+1；完成后进入TMUA而非ESAT报告；报告绑定本次Paper 1/Paper 2作答；历史记录可再次进入同一报告且不会新增测试或使用量。 | J5: 未执行 | K5: 是
A6: RPT-GEN-003 | B6: 报告生成与状态 | C6: 分析中关闭弹窗后从历史记录继续查看真实状态 | D6: P0 | E6: 流程 | F6: 已正式交卷；报告任务处于待生成或分析中 | G6: 记录本次提交时间S、历史次数H、诊断次数D | H6: 1. 交卷后在分析弹窗记录任务状态和页面百分比 2. 在任务未完成时关闭弹窗并返回诊断首页 3. 打开历史记录，按S找到本次记录 4. 记录历史中的真实任务状态和进度 5. 等待任务完成后刷新该条历史记录 6. 点击完成状态进入报告 | I6: 关闭弹窗不取消任务；历史记录始终指向S对应任务并显示真实状态，未完成前不显示完成；页面弹窗百分比只作为等待反馈，不得被解释为后台实际阶段；完成后H、D保持交卷后的值且可以进入报告。 | J6: 未执行 | K6: 是 | N6: 当前实现待对齐：弹窗为等待反馈动画，历史记录为实际任务进度。
A7: RPT-GEN-004 | B7: 报告生成与状态 | C7: 分析中刷新、退出登录再登录不取消报告任务 | D7: P0 | E7: 异常 | F7: 学生已正式交卷；报告正在生成 | G7: 本次提交时间S、历史次数H、诊断次数D | H7: 1. 在分析中记录S、H、D并刷新页面 2. 返回诊断首页确认本次记录仍处于生成中 3. 退出登录并关闭当前页面 4. 使用同一账号重新登录 5. 从诊断历史按S找到本次记录 6. 等待完成后打开报告并刷新一次 | I7: 刷新、退出登录和关闭页面均不取消后台任务；重新登录后仍是同一条S记录，H、D不重复增加；完成后报告可正常打开并在刷新后保持。 | J7: 未执行 | K7: 是
A8: RPT-GEN-005 | B8: 报告生成与状态 | C8: 报告生成失败后重新分析且不重复计数 | D8: P0 | E8: 异常 | F8: 准备一条已正式提交且报告任务失败的学生记录；页面可见失败原因 | G8: 失败记录提交时间S；操作前历史次数H、诊断次数D | H8: 1. 在历史记录按S打开失败状态并记录H、D 2. 核对失败原因和“重新分析”入口 3. 点击“重新分析”并观察原记录进入待生成或分析中 4. 再次点击或快速重复操作 5. 等待任务完成并进入报告 6. 返回历史记录和个人中心刷新H、D | I8: 失败信息清晰且可恢复；重新分析重启原任务，重复操作不创建并行任务；成功后仍为S对应报告；H、D保持操作前值，不新增测试次数或诊断使用量。 | J8: 未执行
A9: RPT-GEN-006 | B9: 报告生成与状态 | C9: 报告加载失败后可重新加载且不显示为空报告 | D9: P0 | E9: 异常 | F9: 已有完成报告；可临时制造一次报告读取网络失败 | G9: 任一已完成ESAT或TMUA历史报告 | H9: 1. 从历史记录点击“查看报告” 2. 在报告读取阶段制造网络失败 3. 核对页面错误文案和“重新加载”按钮 4. 恢复网络后点击“重新加载” 5. 核对报告标题、分数模块和提交记录 6. 刷新页面再次打开 | I9: 读取失败显示明确错误而不是“暂无报告”或零分报告；恢复后可重新加载完整报告；报告仍绑定原历史记录，刷新后保持可用。 | J9: 未执行 | K9: 是
A10: RPT-GEN-007 | B10: 报告生成与状态 | C10: 智能分析降级时报告仍完成并标识真实来源 | D10: P0 | E10: 异常 | F10: 准备智能分析、混合生成、规则生成三类已完成报告样本 | G10: 样本A=智能分析；B=混合生成；C=规则生成；每份均有可核对正确题数 | H10: 1. 分别从历史记录打开样本A、B、C 2. 记录每份报告的完成状态和分析来源 3. 对照题目解析核对各模块或Paper正确题数 4. 查看诊断总结、提升优先级和学习路径 5. 刷新三份报告再次核对 | I10: 三类样本均可处于已完成；页面准确显示对应分析来源；降级不会改写答案、正确题数、用时或分数事实；规则或混合报告仍提供可读建议且刷新后保持。 | J10: 未执行

Sheet ESAT报告
A1: 4.8.1 诊断测试报告人工测试用例 — ESAT报告
A2: 来源：文档/4-需求文档/4.8.1 诊断测试报告.md｜范围：P0人工回归｜按真实浏览器操作与可观察结果执行
A3: 用例编号 | B3: 功能模块 | C3: 用例标题 | D3: 优先级 | E3: 用例类型 | F3: 前置条件 | G3: 测试数据 | H3: 操作步骤 | I3: 预期结果 | J3: 执行状态 | K3: 是否通过 | L3: 缺陷等级 | M3: 实际结果 | N3: 备注 | O3: 修复情况 | P3: 回归情况
A4: RPT-ESAT-001 | B4: ESAT报告 | C4: ESAT按实际三个模块独立展示且不生成总分 | D4: P0 | E4: 校验 | F4: 已有完成的ESAT报告，实际模块为Mathematics 1、Physics、Chemistry | G4: 三个模块各有不同正确题数和等效评估分 | H4: 1. 从历史记录打开目标ESAT报告 2. 核对等效评估分区域的模块页签 3. 依次切换Mathematics 1、Physics、Chemistry 4. 记录每个模块正确题数和等效评估分 5. 浏览报告头部和总体概览寻找综合总分 6. 刷新后再次切换模块 | I4: 页签只包含本次实际三个模块；每个模块独立展示自己的结果；页面不存在求和、平均或虚构的ESAT总分；刷新后当前报告数据不变。 | J4: 未执行 | K4: 是
A5: RPT-ESAT-002 | B5: ESAT报告 | C5: ESAT模块正确题数、等效分和估计区间可追溯 | D5: P0 | E5: 校验 | F5: 已有完成ESAT报告；题目解析可查看所有题目状态 | G5: 选定模块M；从题目解析人工统计正确数C、总题数T | H5: 1. 打开报告并选择模块M，记录显示的C/T作为基线 2. 记录1.0—9.0等效评估分和80%估计区间 3. 点击“题目解析”并筛选M 4. 按正确状态人工核对C和T 5. 返回报告重新选择M 6. 查看区间说明和非官方提示，完成本次核对 | I5: 报告C/T与题目解析一致且往返后保持不变；点估计和80%区间同时可见；区间有不确定性说明；页面明确属于平台诊断估算而非官方成绩或录取结论。 | J5: 未执行 | K5: 是
A6: RPT-ESAT-003 | B6: ESAT报告 | C6: ESAT非标准题量显示标准题量折算依据 | D6: P0 | E6: 校验 | F6: 准备至少一个题量不是标准题量的ESAT模块报告 | G6: 模块M：实际正确数C、实际总题数T，T不等于标准题量 | H6: 1. 从历史记录打开该ESAT报告 2. 切换到非标准题量模块M 3. 记录实际C/T 4. 查看等效评估分附近的折算说明 5. 按页面说明核对折算使用正确率并换算到标准题量 6. 切换其他模块再返回M | I6: 页面保留实际C/T，并明确展示按正确率折算到标准题量的依据；不会把C直接当作标准原始分；切换模块后说明仍对应M。 | J6: 未执行 | K6: 是
A7: RPT-ESAT-004 | B7: ESAT报告 | C7: ESAT参考定位与模块诊断对应当前模块 | D7: P0 | E7: 功能 | F7: 已有三个模块表现差异明显的ESAT完成报告 | G7: 模块M1高表现、M2中等、M3较低；分析来源可见 | H7: 1. 打开报告并依次切换M1、M2、M3 2. 记录每个模块的参考分布、表现等级和参考百分位 3. 记录模块诊断总结、相对优势、关键问题和提升重点 4. 核对每个模块的分析来源标识 5. 来回切换模块并比较内容 | I7: 参考定位和诊断内容随当前模块切换且不串用；高、中、低表现说明与对应正确率方向一致；诊断包含要求的四类信息并显示来源；不得表述为官方录取结论。 | J7: 未执行 | K7: 是
A8: RPT-ESAT-005 | B8: ESAT报告 | C8: 个人计划科目与实际测试模块不一致时以实际模块为准 | D8: P0 | E8: 流程 | F8: 个人中心计划科目与某份ESAT报告的实际三个模块不一致 | G8: 计划科目P；本次实际模块A，P与A至少一项不同 | H8: 1. 在个人中心记录计划科目P 2. 从历史记录打开实际模块为A的ESAT报告 3. 核对报告顶部科目不一致提示 4. 查看等效评估分页签和总体概览模块 5. 滚动到学习路径并记录计划科目 6. 返回个人中心完成核对，确认P未被报告改写 | I8: 顶部明确提示不一致；分数、概览和学习路径均使用A而非P；个人中心P保持不变；报告不静默混合未参加测试的科目。 | J8: 未执行 | K8: 否 | M8: 和个人中心计划科目无关联
A9: RPT-ESAT-006 | B9: ESAT报告 | C9: ESAT计分数据不足时局部降级或显示整页空状态 | D9: P0 | E9: 异常 | F9: 准备样本A：一个模块缺少可靠换算但其他模块正常；样本B：无可计分模块 | G9: 样本A、B均为当前账号已提交的测试记录 | H9: 1. 打开样本A并依次查看三个模块，记录正常模块结果作为基线 2. 核对缺少换算的模块提示和其他模块结果 3. 返回历史记录打开样本B 4. 核对整页状态和提示文案 5. 使用浏览器返回历史记录 6. 再次打开一份正常报告并完成核对 | I9: 样本A仅目标模块显示“暂无可靠换算结果”，其他模块结果保持不变并继续展示；样本B明确说明没有可计分模块，不生成虚假零分；异常报告不会影响历史返回和其他正常报告。 | J9: 未执行 | K9: 是

Sheet TMUA报告
A1: 4.8.1 诊断测试报告人工测试用例 — TMUA报告
A2: 来源：文档/4-需求文档/4.8.1 诊断测试报告.md｜范围：P0人工回归｜按真实浏览器操作与可观察结果执行
A3: 用例编号 | B3: 功能模块 | C3: 用例标题 | D3: 优先级 | E3: 用例类型 | F3: 前置条件 | G3: 测试数据 | H3: 操作步骤 | I3: 预期结果 | J3: 执行状态 | K3: 是否通过 | L3: 缺陷等级 | M3: 实际结果 | N3: 备注 | O3: 修复情况 | P3: 回归情况
A4: RPT-TMUA-001 | B4: TMUA报告 | C4: TMUA只展示一个综合等效评估分 | D4: P0 | E4: 校验 | F4: 已有完成TMUA报告 | G4: Paper 1与Paper 2表现不同 | H4: 1. 从历史记录打开TMUA报告 2. 查看报告首个分数区域 3. 记录综合等效评估分和80%估计区间 4. 浏览Paper 1与Paper 2诊断对照 5. 搜索页面是否将单卷参考分称为官方分数 6. 刷新报告再次核对 | I4: 页面只给出一个1.0—9.0综合等效评估分；区间和非官方说明清晰；Paper对照中的参考分只用于诊断比较，不被称为官方单卷成绩。 | J4: 未执行 | K4: 是
A5: RPT-TMUA-002 | B5: TMUA报告 | C5: TMUA两个Paper的作答事实和诊断对照准确 | D5: P0 | E5: 校验 | F5: 已有完成TMUA报告；题目解析可查看全部40题 | G5: 人工统计Paper 1正确数C1、Paper 2正确数C2 | H5: 1. 在报告记录Paper 1和Paper 2的正确题数/总题数作为基线 2. 记录两个Paper的诊断参考分 3. 点击“题目解析”并分别统计C1、C2 4. 返回报告核对正确题数 5. 查看两个Paper的总结、优势、关键问题和提升重点 6. 完成对比并核对内容是否串用 | I5: 两个Paper的正确题数与题目解析一致且往返后保持不变；各自参考分、总结、优势、问题和重点对应本Paper；内容不串用，且参考分不冒充官方单卷成绩。 | J5: 未执行 | K5: 是
A6: RPT-TMUA-003 | B6: TMUA报告 | C6: TMUA评估方法、参考尺度和官方结果边界清晰 | D6: P0 | E6: 功能 | F6: 已有完成TMUA报告 | G6: 综合评估分位于任一可观察区间 | H6: 1. 打开报告并定位综合评估分说明 2. 查看平台估算方法和官方联合等值差异说明 3. 查看1.0—9.0尺度、典型候选人及高分段参考 4. 核对当前定位和竞争力说明 5. 点击官方结果参考链接并观察打开目标 6. 返回报告 | I6: 页面明确平台估算不等同于官方联合等值；参考尺度和当前位置可读且不作录取保证；官方链接可正常打开并能安全返回原报告。 | J6: 未执行 | K6: 是
A7: RPT-TMUA-004 | B7: TMUA报告 | C7: TMUA智能诊断缺失时固定综合结果仍可查看 | D7: P0 | E7: 异常 | F7: 准备固定计算完成、部分智能诊断缺失的TMUA报告 | G7: 已知Paper 1/Paper 2正确数和综合评估分 | H7: 1. 从历史记录打开目标TMUA报告并记录固定结果作为基线 2. 核对综合等效评估分和区间 3. 核对Paper 1/Paper 2正确题数与参考分 4. 查看缺失诊断文字区域和来源标识 5. 滚动查看其他公共模块 6. 刷新报告并完成核对 | I7: 固定分数、区间和Paper统计正常展示且刷新后保持不变；缺失智能文字有明确不可用或降级说明，不使整份报告失败；来源标识真实，其他模块仍可浏览。 | J7: 未执行 | K7: 是
A8: RPT-TMUA-005 | B8: TMUA报告 | C8: TMUA学习范围固定为数学且不出现ESAT选科提示 | D8: P0 | E8: 校验 | F8: 个人中心存在ESAT计划科目；已有TMUA完成报告 | G8: 个人中心ESAT科目任意；TMUA Paper 1/Paper 2 | H8: 1. 在个人中心记录当前计划科目 2. 打开TMUA历史报告 3. 查看报告顶部提示区域 4. 查看总体概览的Paper分组 5. 滚动到学习路径并查看计划科目 6. 返回个人中心 | I8: TMUA报告不出现ESAT计划科目不一致提示；概览按Paper分组；学习路径范围为数学且不混入ESAT科目；个人中心资料不被改写。 | J8: 未执行 | K8: 是

Sheet 公共分析模块
A1: 4.8.1 诊断测试报告人工测试用例 — 公共分析模块
A2: 来源：文档/4-需求文档/4.8.1 诊断测试报告.md｜范围：P0人工回归｜按真实浏览器操作与可观察结果执行
A3: 用例编号 | B3: 功能模块 | C3: 用例标题 | D3: 优先级 | E3: 用例类型 | F3: 前置条件 | G3: 测试数据 | H3: 操作步骤 | I3: 预期结果 | J3: 执行状态 | K3: 是否通过 | L3: 缺陷等级 | M3: 实际结果 | N3: 备注 | O3: 修复情况 | P3: 回归情况
A4: RPT-COMMON-001 | B4: 公共分析模块 | C4: 总体概览的模块与难度正确题数可由题目解析核对 | D4: P0 | E4: 校验 | F4: 已有完成报告；题目覆盖低中高难度且题目解析可见 | G4: 选定模块M；人工统计总正确C/T及低中高正确数L/M/H | H4: 1. 打开报告记录总体概览中M的C/T和正确率作为基线 2. 记录低、中、高难度正确题数/总题数 3. 进入题目解析并按M逐题核对正确状态和难度 4. 汇总人工结果L/M/H 5. 返回总体概览对照 6. 切换另一模块重复抽查并完成核对 | I4: 总体C/T、正确率和各难度统计与本次题目解析一致并保持不变；不同模块或Paper数据不串用；无题难度不伪造数量。 | J4: 未执行 | K4: 是
A5: RPT-COMMON-002 | B5: 公共分析模块 | C5: 时间效率按实际模块展示有效计时覆盖和建议 | D5: P0 | E5: 功能 | F5: 已有题目停留时间记录完整的完成报告 | G5: 至少两个模块或Paper的作答速度与正确率不同 | H5: 1. 打开报告并滚动到模块时间效率 2. 记录各模块有效计时覆盖题数 3. 记录相对目标节奏和当前正确率 4. 对比快但低正确率与慢但高正确率模块的建议 5. 切换ESAT和TMUA样本分别核对分组名称 6. 刷新页面 | I5: 时间效率按实际模块或Paper展示；覆盖题数、正确率和节奏信息可读；建议同时考虑速度和准确率，不用一个模块数据代替另一个模块。 | J5: 未执行 | K5: 是
A6: RPT-COMMON-003 | B6: 公共分析模块 | C6: 缺少可靠停留时间时显示样本不足且不虚构结论 | D6: P0 | E6: 异常 | F6: 准备部分题目缺少停留时间的完成报告 | G6: 模块M有效计时覆盖少于总题数T | H6: 1. 打开报告并记录M总题数T 2. 滚动到时间效率区域 3. 记录有效计时覆盖题数E 4. 查看样本不足提示和节奏结论 5. 对照另一个计时完整模块 6. 刷新后再次核对 | I6: 页面显示E且E小于T，并明确样本不足；缺失时间不按0秒参与评价，也不生成虚假精确节奏结论；其他完整模块正常展示。 | J6: 未执行 | K6: 是
A7: RPT-COMMON-004 | B7: 公共分析模块 | C7: 知识点掌握度按模块、主题和三级知识点逐层展开 | D7: P0 | E7: 功能 | F7: 报告题目已映射二级主题和三级知识点 | G7: 至少两个模块；第一个模块含两个主题且其中一个有三级知识点 | H7: 1. 打开报告滚动到知识点掌握度并记录模块统计作为基线 2. 核对第一模块默认展开、其他模块默认折叠 3. 记录模块知识点数量和正确题数/总题数 4. 展开二级主题并记录主题统计 5. 展开三级知识点并记录明细 6. 折叠第一模块并展开第二模块，完成展开核对 | I7: 默认展开状态符合要求；模块、二级主题、三级知识点层级清晰；正确题数、总题数和正确率显示完整；展开折叠后统计保持不变且不串用模块。 | J7: 未执行 | K7: 是
A8: RPT-COMMON-005 | B8: 公共分析模块 | C8: 未映射与一题多知识点场景不误导试卷题量 | D8: P0 | E8: 校验 | F8: 样本A含未映射模块；样本B含同一道题关联多个三级知识点 | G8: 样本A、B；样本B实际试卷总题数T | H8: 1. 打开样本A并展开未映射模块，记录页面状态作为基线 2. 核对未映射提示且页面未猜测知识点 3. 返回历史记录打开样本B 4. 展开关联同一题的多个三级知识点 5. 对照题目解析记录实际总题数T 6. 完成核对页面是否暗示将各知识点题量相加为T | I8: 样本A明确显示没有已映射二级知识点；样本B的实际试卷总题数T保持不变，允许同一题出现在多个知识点统计中，但页面不得把跨知识点数字相加冒充T。 | J8: 未执行 | K8: 是 | N8: 当前实现待对齐：跨知识点合计时宜使用“考查次数”口径。
A9: RPT-COMMON-006 | B9: 公共分析模块 | C9: 能力缺口矩阵按覆盖量和正确率显示正确状态 | D9: P0 | E9: 校验 | F9: 准备覆盖未覆盖、少于3题、较强、中等、较弱五类单元格的报告 | G9: 同一模块内：0题；1—2题；不少于3题且正确率>70%、40%—70%、<40% | H9: 1. 打开报告滚动到能力缺口矩阵并记录各单元格基线 2. 找到0题单元格并记录状态 3. 找到1—2题单元格并记录状态 4. 分别核对三档正确率单元格的状态 5. 查看模块汇总的知识主题数量说明 6. 对照总体概览的难度题量并完成核对 | I9: 0题显示未覆盖；少于3题只显示初步信号；样本达到3题后按>70%、40%—70%、<40%分别显示较强、中等、较弱；矩阵状态刷新后保持不变，按模块或Paper汇总且题量与概览方向一致。 | J9: 未执行 | K9: 是
A10: RPT-COMMON-007 | B10: 公共分析模块 | C10: 优先补弱项只展示合格候选且最多五项 | D10: P0 | E10: 校验 | F10: 准备至少6个样本量达到3题且正确率不高于70%的候选弱项 | G10: 候选项包含不同模块、主题、难度和正确率 | H10: 1. 打开报告滚动到“优先补弱项” 2. 记录展示项数量和排序 3. 逐项核对所属模块、主题、难度、正确率和样本量 4. 查看优先原因、建议投入时间和前置知识检查 5. 查看有题目证据项目的复盘建议 6. 对照能力矩阵和知识点数据抽查两项 | I10: 最多展示5项且不为凑数增加第6项；每项样本量不少于3且正确率不高于70%；字段完整，排序与证据可解释，抽查结果与报告事实一致。 | J10: 未执行 | K10: 是
A11: RPT-COMMON-008 | B11: 公共分析模块 | C11: 无合格弱项时显示校准建议而不制造缺口 | D11: P0 | E11: 异常 | F11: 准备所有主题样本不足或正确率高于70%的完成报告 | G11: 不存在同时满足样本量不少于3且正确率不高于70%的主题 | H11: 1. 打开报告查看能力缺口矩阵 2. 核对各主题样本量和正确率 3. 滚动到“优先补弱项” 4. 记录页面空状态或替代建议 5. 核对是否出现无证据的弱项卡片 6. 刷新页面 | I11: 页面不制造或补齐弱项卡片；显示继续校准、增加样本或复测建议；刷新后结论保持，且不会把样本不足直接判为弱项。 | J11: 未执行 | K11: 是

Sheet 学习路径与题目解析
A1: 4.8.1 诊断测试报告人工测试用例 — 学习路径与题目解析
A2: 来源：文档/4-需求文档/4.8.1 诊断测试报告.md｜范围：P0人工回归｜按真实浏览器操作与可观察结果执行
A3: 用例编号 | B3: 功能模块 | C3: 用例标题 | D3: 优先级 | E3: 用例类型 | F3: 前置条件 | G3: 测试数据 | H3: 操作步骤 | I3: 预期结果 | J3: 执行状态 | K3: 是否通过 | L3: 缺陷等级 | M3: 实际结果 | N3: 备注 | O3: 修复情况 | P3: 回归情况
A4: RPT-LEARN-001 | B4: 学习路径与题目解析 | C4: 资料完整时生成受时间预算约束的完整学习路径 | D4: P0 | E4: 流程 | F4: 个人中心已填写考试日期、每周时间、目标院校和目标专业；已有完成报告 | G4: 考试日期E、每周时间W、目标院校U、目标专业P | H4: 1. 在个人中心记录E、W、U、P 2. 打开之后生成的诊断报告 3. 滚动到学习路径核对资料回显 4. 记录计划周期、每周投入、总投入、模式和原因 5. 查看基础、提升、冲刺三个阶段 6. 展开各阶段核对周次、目标、重点、策略和任务 | I4: 学习路径使用E、W、U、P；生成标准、强化或长期完整计划并说明原因；包含三个阶段及完整任务信息；总投入与周期、W方向一致，不超出明显可执行预算。 | J4: 未执行 | K4: 是
A5: RPT-LEARN-002 | B5: 学习路径与题目解析 | C5: 缺少考试日期或每周时间时生成完整七日入门计划 | D5: P0 | E5: 校验 | F5: 准备缺少考试日期或每周可投入时间的学生报告 | G5: 样本A缺少考试日期；样本B缺少每周时间 | H5: 1. 打开样本A的报告并滚动到学习路径 2. 核对计划模式和缺失资料提示 3. 逐日查看第1天至第7天 4. 抽查每天的目的、分钟数、步骤、产出、成功标准和替代方案 5. 返回历史记录打开样本B并重复核对 6. 点击补充资料入口 | I5: A、B均生成恰好7天的入门计划而非虚构长期周期；每天包含完整执行信息；已填写时间被使用，未填写时采用保守默认；补充资料入口进入个人中心。 | J5: 未执行 | K5: 是
A6: RPT-LEARN-003 | B6: 学习路径与题目解析 | C6: 缺少目标院校或专业不阻断报告并可前往个人中心补充 | D6: P0 | E6: 流程 | F6: 学生缺少目标院校或目标专业；已有完成报告 | G6: 缺失字段M；分数和知识点数据完整 | H6: 1. 打开报告并记录分数、知识点和学习建议作为基线 2. 滚动到学习路径查看资料摘要 3. 核对缺失字段M的提示 4. 点击前往个人中心的入口 5. 在个人中心补充M并保存 6. 使用浏览器返回原报告并刷新，完成核对 | I6: 缺少U或P不阻断分数、知识点和学习建议；页面明确指出M缺失并可进入个人中心；补充资料后已保存的历史报告快照保持不变。 | J6: 未执行 | K6: 是
A7: RPT-LEARN-004 | B7: 学习路径与题目解析 | C7: 每周可投入时间很少时学习任务保持可执行 | D7: P0 | E7: 校验 | F7: 个人中心填写较少但合法的每周可投入时间；已有之后生成的报告 | G7: 每周时间W为允许范围内的低值；考试日期已填写 | H7: 1. 在个人中心记录低值W并保存 2. 完成或重新生成一份报告 3. 打开学习路径记录每周投入和总投入 4. 查看各阶段任务数量和建议时长 5. 汇总一周代表任务的预计时间 6. 核对模式原因和替代方案 | I7: 学习路径使用W并说明受时间约束；任务量和建议时长不会明显超过W；低时间预算不会被擅自扩大；计划仍给出可执行重点和替代方案。 | J7: 未执行 | K7: 是
A8: RPT-QA-001 | B8: 学习路径与题目解析 | C8: 题目解析展示本次全部题目及正确错误未答状态 | D8: P0 | E8: 流程 | F8: 报告对应答卷同时包含正确、错误和未作答题目 | G8: 记录本次提交时间S；各状态题号集合C/W/U | H8: 1. 从S对应报告点击“题目解析”并记录题目总数作为基线 2. 核对左侧按实际模块或Paper分组 3. 记录正确、错误、未作答数量和题号状态 4. 分别打开C、W、U中的代表题 5. 核对题干、学生答案、正确答案、考查重点和解析 6. 返回报告再进入题目解析并完成核对 | I8: 解析页展示本次全部题目而非仅错题；分组、题目总数和C/W/U状态往返后保持不变；每题内容对应S的答案；不跳到其他历史记录。 | J8: 未执行 | K8: 是
A9: RPT-QA-002 | B9: 学习路径与题目解析 | C9: 单题缺少解析时不影响其他题目和返回路径 | D9: P0 | E9: 异常 | F9: 准备一份至少一题缺少解析、其他题有完整解析的报告 | G9: 缺少解析题Q1；正常题Q2 | H9: 1. 从报告进入题目解析并打开Q1 2. 核对Q1的无解析提示 3. 通过题号导航切换到Q2 4. 查看Q2的完整解析、步骤和复盘建议 5. 使用浏览器返回报告 6. 再次进入并定位Q2 | I9: Q1明确显示“当前题目暂无解析内容”，不出现空白崩溃；Q2及其他题仍可正常浏览；返回路径正确，重新进入仍绑定原答卷。 | J9: 未执行

Sheet 历史升级与权限
A1: 4.8.1 诊断测试报告人工测试用例 — 历史升级与权限
A2: 来源：文档/4-需求文档/4.8.1 诊断测试报告.md｜范围：P0人工回归｜按真实浏览器操作与可观察结果执行
A3: 用例编号 | B3: 功能模块 | C3: 用例标题 | D3: 优先级 | E3: 用例类型 | F3: 前置条件 | G3: 测试数据 | H3: 操作步骤 | I3: 预期结果 | J3: 执行状态 | K3: 是否通过 | L3: 缺陷等级 | M3: 实际结果 | N3: 备注 | O3: 修复情况 | P3: 回归情况
A4: RPT-HIST-001 | B4: 历史升级与权限 | C4: 同卷多次测试的报告和题目解析互不覆盖 | D4: P0 | E4: 流程 | F4: 同一学生已对同一试卷完成两次作答且答案不同 | G4: 第一次提交S1、分数A1；第二次提交S2、分数A2；A1不等于A2 | H4: 1. 打开历史记录确认存在第1次和第2次并记录条数基线 2. 进入S1报告并记录A1和代表题答案 3. 返回历史记录进入S2报告并记录A2和同题答案 4. 分别从两份报告进入题目解析 5. 核对两次答案和学习建议 6. 刷新后再次分别打开并完成核对 | I4: 两次历史记录、报告、分数、答案和建议独立；S2不覆盖S1；每条查看操作只打开该次报告；刷新后仍保持区分，不自动生成合并趋势。 | J4: 未执行 | K4: 是
A5: RPT-HIST-002 | B5: 历史升级与权限 | C5: 当前版本且结构完整的报告顶部不显示更新提示 | D5: P0 | E5: 校验 | F5: 测试环境已部署当前版本；准备新生成且结构完整的ESAT和TMUA报告 | G5: ESAT当前版本v5；TMUA当前版本v6 | H5: 1. 从历史记录打开新生成的ESAT报告 2. 查看报告顶部是否出现旧版更新提示 3. 刷新ESAT报告再次核对 4. 返回历史记录打开新生成的TMUA报告 5. 查看顶部并刷新再次核对 6. 分别确认核心模块完整 | I5: 结构完整的ESAT v5和TMUA v6均不显示“旧版”或“生成新版”提示；刷新后仍不出现；报告核心模块正常展示。 | J5: 未执行 | K5: 否 | M5: 诊断报告页始终有“生成完整TMUA诊断报告”icon，但点击后重新生成的报告无变化。
A6: RPT-HIST-003 | B6: 历史升级与权限 | C6: 旧版报告主动升级成功后替换快照但不新增历史记录 | D6: P0 | E6: 流程 | F6: 准备一份版本低于当前规则的可升级历史报告 | G6: 操作前历史次数H、诊断次数D、提交时间S、正确题数C/T | H6: 1. 打开旧版报告并记录H、D、S、C/T 2. 核对顶部旧版提示和“生成新版诊断报告”按钮 3. 点击生成新版并等待完成 4. 刷新报告核对升级提示消失 5. 核对S、C/T、答案和交卷时间 6. 返回历史记录和个人中心重新记录H、D | I6: 新版成功后替换同一S的报告快照且提示消失；答案、C/T、交卷时间不变；H、D保持操作前值，不新增测试记录或使用量。 | J6: 未执行
A7: RPT-HIST-004 | B7: 历史升级与权限 | C7: 旧版报告升级中旧快照可读且重复点击不创建并行任务 | D7: P0 | E7: 流程 | F7: 准备可升级旧版报告；升级任务可保持分析中一段时间 | G7: 旧报告关键分数A和提交时间S | H7: 1. 打开旧报告记录A、S并点击生成新版 2. 在分析中继续滚动查看旧报告模块 3. 快速重复点击升级操作 4. 返回历史记录查看同一S状态 5. 再次进入报告核对旧快照仍可读 6. 等待完成后刷新 | I7: 升级中旧报告A、提交时间S保持不变且仍可阅读；重复点击只保留一个升级任务；历史记录不新增；完成后同一S切换到新版且状态正常。 | J7: 未执行
A8: RPT-HIST-005 | B8: 历史升级与权限 | C8: 旧版报告升级失败后保留旧快照并允许重试 | D8: P0 | E8: 异常 | F8: 准备可控制升级失败的旧版报告 | G8: 旧报告关键分数A、提交时间S | H8: 1. 打开旧报告记录A、S作为基线并启动升级 2. 使本次升级失败 3. 核对失败原因和重试入口 4. 继续浏览旧报告并核对A 5. 返回历史记录再进入同一S 6. 恢复条件后重新生成并等待完成 | I8: 升级失败不删除旧报告，A、S和旧快照保持不变且始终可读；失败原因清晰并可重试；成功后才替换快照；整个过程不新增历史记录。 | J8: 未执行
A9: RPT-HIST-006 | B9: 历史升级与权限 | C9: 个人资料修改后历史报告不会自动改写 | D9: P0 | E9: 流程 | F9: 已有包含学习路径的完成报告；学生可修改个人资料 | G9: 报告中原考试日期E1、每周时间W1；新资料E2、W2 | H9: 1. 打开历史报告记录学习路径中的E1、W1和计划摘要 2. 前往个人中心将资料改为E2、W2并保存 3. 返回原历史报告 4. 刷新页面并重新打开同一记录 5. 核对学习路径资料和计划摘要 6. 查看是否自动出现新的历史记录 | I9: 已保存报告保持E1、W1及原计划快照，不因个人资料修改自动更新；不会新增测试或报告记录；新资料只影响之后明确重新生成的报告。 | J9: 未执行 | K9: 否 | M9: 个人中心信息和诊断测试备考科目未关联
A10: RPT-HIST-007 | B10: 历史升级与权限 | C10: 试卷下线归档、改会员或会员到期后历史报告仍可查看 | D10: P0 | E10: 权限 | F10: 学生已有完成报告；管理员可调整试卷状态和访问级别；会员账号可到期 | G10: 状态矩阵：下线、归档、免费改会员、会员到期 | H10: 1. 调整前打开历史报告和题目解析并记录提交时间S 2. 管理员依次按测试数据设置目标状态 3. 学生刷新诊断首页和历史记录 4. 按S打开历史报告 5. 点击题目解析并浏览代表题 6. 返回年份入口尝试创建新测试 | I10: 四种状态下已提交的历史报告和题目解析均保持可访问；报告内容不被覆盖；新测试入口按最新试卷和会员规则限制，不能反向阻断历史查看。 | J10: 未执行
A11: RPT-HIST-008 | B11: 历史升级与权限 | C11: 他人记录、未提交记录和考试类型错误地址均被拒绝 | D11: P0 | E11: 权限 | F11: 准备账号A、B；A有完成ESAT报告；A另有未提交诊断；B已登录 | G11: 地址矩阵：B访问A报告、A访问未提交记录、ESAT记录使用TMUA报告地址、TMUA记录使用ESAT地址 | H11: 1. 使用账号B打开账号A完成报告地址 2. 记录页面拒绝结果并返回 3. 使用账号A打开自己的未提交记录报告地址 4. 分别用错误考试类型地址打开ESAT和TMUA记录 5. 使用正确地址打开A的完成ESAT报告 6. 核对前述拒绝过程中未泄露分数、答案或学习建议 | I11: 他人、未提交和类型错误地址均不能加载报告内容；页面安全拒绝并可返回；正确归属和正确类型地址正常打开；拒绝页面不泄露任何报告事实。 | J11: 未执行 | K11: 是
A12: RPT-HIST-009 | B12: 历史升级与权限 | C12: 查看、刷新和升级报告不改变诊断使用量及其他考试统计 | D12: P0 | E12: 校验 | F12: 学生同时有ESAT、TMUA诊断统计；至少一份可升级报告 | G12: 操作前ESAT次数DE、TMUA次数DT、历史次数H | H12: 1. 在个人中心和诊断历史记录DE、DT、H 2. 打开并刷新一份当前报告三次 3. 进入题目解析后返回报告 4. 对一份旧报告执行升级并等待完成 5. 返回个人中心和历史记录刷新 6. 退出后重新登录再次记录DE、DT、H | I12: 查看、刷新、题目解析和报告升级均不改变DE、DT、H；另一考试统计保持不变；重新登录后数值仍为操作前基线。 | J12: 未执行
A13: RPT-HIST-010 | B13: 历史升级与权限 | C13: 历史报告深链接、浏览器返回和重新登录保持正确记录 | D13: P0 | E13: 流程 | F13: 学生至少有两份不同提交时间的完成报告 | G13: 报告R1、R2；记录各自提交时间和分数 | H13: 1. 从历史记录打开R1并复制当前地址 2. 点击题目解析后使用浏览器返回 3. 核对仍回到R1而不是R2 4. 退出登录后直接访问R1地址并完成登录 5. 核对登录后打开或安全返回R1 6. 返回历史记录打开R2并再次使用浏览器返回 | I13: 题目解析返回后仍为原报告；登录拦截不会把R1替换为最新R2；深链接恢复和浏览器历史行为可预测；历史记录数量保持不变，R1、R2内容始终对应各自记录。 | J13: 未执行 | K13: 是
